miRNA,advanced adenoma plasma EV 1,advanced adenoma plasma EV 2,advanced adenoma plasma EV 3,advanced adenoma plasma EV 4,advanced adenoma plasma EV 5,advanced adenoma plasma EV 6,colorectal cacer  plasma EV 1,colorectal cacer  plasma EV 2,colorectal cacer  plasma EV 3,colorectal cacer  plasma EV 4,colorectal cacer  plasma EV 5,colorectal cacer  plasma EV 6,healthy donor plasma EV  1,healthy donor plasma EV  2,healthy donor plasma EV  3,healthy donor plasma EV  4,healthy donor plasma EV  5,healthy donor plasma EV  6
hsa-let-7a-5p,20352.0,50386.0,5512.0,45354.0,17859.0,57602.0,2270.0,12413.0,39404.0,15541.0,41191.0,209730.0,36176.0,43326.0,21820.0,19963.0,33538.0,3372.0
hsa-let-7c-5p,1208.0,4332.0,399.0,3010.0,786.0,3634.0,53.0,690.0,1205.0,774.0,2803.0,1340.0,2807.0,3767.0,1413.0,1340.0,2504.0,153.0
hsa-let-7e-5p,439.0,646.0,194.0,568.0,215.0,1431.0,13.0,261.0,410.0,463.0,1109.0,2406.0,666.0,954.0,342.0,527.0,491.0,29.0
hsa-let-7f-5p,2955.0,8517.0,761.0,7551.0,1788.0,7080.0,1695.0,1692.0,4693.0,1559.0,4588.0,88569.0,7319.0,9026.0,6832.0,2656.0,5977.0,1517.0
hsa-let-7g-5p,2505.0,14454.0,1201.0,11817.0,2198.0,4189.0,1000.0,1863.0,7849.0,2524.0,7208.0,30297.0,6745.0,5935.0,2920.0,4728.0,14714.0,1000.0
hsa-let-7i-5p,17954.0,289383.0,15420.0,431443.0,45496.0,28547.0,1040.0,17401.0,101345.0,18986.0,58585.0,134659.0,61843.0,68971.0,49531.0,51845.0,130776.0,1961.0
hsa-miR-1-3p,18.0,18.0,7.0,142.0,18.0,14.0,3.0,19.0,4.0,253.0,1533.0,557.0,19.0,18.0,122.0,4.0,17.0,13.0
hsa-miR-1-5p,16.5,16.5,7.0,54.0,16.5,13.0,3.0,16.0,4.0,253.0,1534.0,557.0,19.0,16.5,122.0,4.0,17.0,13.0
hsa-miR-100-5p,281.0,896.0,246.0,1299.0,624.0,834.0,55.0,203.0,111.0,2127.0,14483.0,1233.0,2038.0,4145.0,237.0,796.0,3898.0,58.0
hsa-miR-101-2-5p,1569.0,4230.0,1229.0,2536.0,1093.0,6672.0,35.0,616.0,93.0,6117.0,26915.0,10146.0,6314.0,3447.0,1055.0,3742.0,11465.0,105.0
hsa-miR-101-5p,1560.0,4111.0,1199.0,2533.0,1095.0,6707.0,33.0,587.0,92.0,5943.0,26436.0,9813.0,6281.0,3309.0,1055.0,3658.0,11385.0,102.0
hsa-miR-103a-1-5p,2234.0,4265.0,721.0,5811.0,1274.0,1695.0,52.0,712.0,492.0,2086.0,5973.0,4058.0,5532.0,3338.0,1843.0,1759.0,7050.0,238.0
hsa-miR-103a-2-5p,2234.0,4265.0,721.0,5811.0,1274.0,1695.0,52.0,712.0,491.0,2086.0,5973.0,4139.0,5532.0,3338.0,1843.0,1759.0,7050.0,240.0
hsa-miR-103a-3p,2234.0,4265.0,721.0,5811.0,1274.0,1695.0,52.0,712.0,492.0,2086.0,5973.0,4058.0,5532.0,3338.0,1843.0,1759.0,7050.0,238.0
hsa-miR-10527-5p,17.0,57.0,30.0,153.0,1.0,41.0,41.0,46.0,24.0,91.0,161.0,1.0,41.0,103.0,41.0,26.0,63.0,8.0
hsa-miR-106a-5p,66.5,31.0,43.0,66.5,66.5,89.0,2.0,56.0,8.0,148.0,274.0,331.0,77.0,231.0,66.5,17.0,108.0,5.0
hsa-miR-106b-5p,1048.0,2152.0,671.0,2682.0,788.0,3821.0,50.0,978.0,882.0,1634.0,3212.0,4284.0,3522.0,3344.0,1129.0,1282.0,5082.0,250.0
hsa-miR-107,2116.0,3299.0,558.0,5148.0,1031.0,1642.0,9.0,482.0,180.0,1815.0,5036.0,1312.0,4957.0,2779.0,1601.0,1373.0,6097.0,173.0
hsa-miR-10a-5p,4215.0,2566.0,2537.0,1909.0,2208.0,5745.0,88.0,3312.0,1116.0,26103.0,74936.0,9632.0,10238.0,10313.0,3097.0,4599.0,9935.0,302.0
hsa-miR-10b-5p,7351.0,4169.0,1706.0,3505.0,2234.0,10400.0,251.0,3416.0,1152.0,35149.0,144791.0,16049.0,9542.0,11232.0,4613.0,3963.0,9716.0,617.0
hsa-miR-11400,23.0,38.0,90.0,40.0,142.0,46.0,6.0,19.0,159.0,58.0,24.0,204.0,75.0,390.0,72.0,26.0,152.0,5.0
hsa-miR-11401,85.0,254.0,46.0,63.0,63.0,4.0,2.0,34.0,28.0,82.0,450.0,6.0,398.0,182.0,15.0,80.0,355.0,8.0
hsa-miR-1180-5p,995.0,1639.0,647.0,3339.0,629.0,2162.0,1639.0,900.0,220.0,1884.0,4621.0,3822.0,4194.0,3296.0,1510.0,1017.0,2864.0,87.0
hsa-miR-122-5p,97884.0,211288.0,28803.0,75574.0,106763.0,71124.0,54.0,17555.0,6421.0,108150.0,572348.0,85751.0,351674.0,504298.0,45667.0,131852.0,345920.0,519.0
hsa-miR-1228-5p,2171.0,347.0,32.0,613.0,1429.0,3552.0,9.0,36.0,21.0,93.0,93.0,68.0,370.0,1441.0,1375.0,124.0,140.0,140.0
hsa-miR-1250-5p,12.0,140.0,6.0,12.0,12.0,2.0,12.0,4.0,12.0,20.0,12.0,12.0,62.0,56.0,12.0,9.0,70.0,12.0
hsa-miR-125a-5p,1027.0,729.0,1598.0,1135.0,1560.0,3092.0,19.0,1351.0,762.0,6193.0,14968.0,1187.0,3843.0,2852.0,1077.0,1226.0,919.0,50.0
hsa-miR-125b-5p,314.0,838.0,578.0,808.0,82.0,1900.0,12.0,555.0,347.0,4132.0,23886.0,1326.0,3314.0,6579.0,423.0,1600.0,1637.0,82.0
hsa-miR-127-5p,421.0,1242.0,273.0,9719.0,338.0,408.0,28.0,482.0,1902.0,367.0,460.0,1108.0,841.0,1470.0,439.0,1138.0,2135.0,23.0
hsa-miR-1271-5p,4.0,4.0,2.0,4.0,4.0,2.0,4.0,2.0,4.0,8.0,31.0,1.0,2.0,4.0,4.0,8.0,8.0,7.0
hsa-miR-128-1-5p,3436.0,3708.0,1901.0,3672.0,2207.0,5079.0,45.0,1884.0,963.0,5105.0,18318.0,36794.0,9906.0,8453.0,3705.0,2603.0,4914.0,253.0
hsa-miR-128-2-5p,3169.0,3384.0,1517.0,2984.0,1764.0,4415.0,23.0,1339.0,555.0,4548.0,16771.0,19520.0,8954.0,7437.0,2901.0,2136.0,4149.0,197.0
hsa-miR-1284,14.0,89.0,2.0,14.0,14.0,14.0,14.0,5.0,14.0,14.0,39.0,67.0,18.0,14.0,14.0,1.0,7.0,14.0
hsa-miR-1287-5p,72.0,61.0,3.0,47.0,119.0,43.5,1.0,21.0,5.0,27.0,61.0,43.5,11.0,79.0,43.5,40.0,73.0,43.5
hsa-miR-1288-5p,10.5,25.0,5.0,10.5,10.5,46.0,10.5,3.0,4.0,9.0,35.0,10.5,13.0,10.5,10.5,12.0,8.0,10.5
hsa-miR-129-5p,152.0,122.0,44.0,112.0,112.0,198.0,112.0,19.0,24.0,138.0,774.0,112.0,212.0,94.0,197.0,60.0,102.0,10.0
hsa-miR-1292-5p,215.0,95.0,55.0,458.0,126.0,126.0,126.0,101.0,126.0,151.0,217.0,3.0,287.0,289.0,53.0,69.0,235.0,7.0
hsa-miR-1294,2.0,274.0,14.0,146.0,102.0,124.0,102.0,50.0,32.0,64.0,384.0,16.0,122.0,244.0,102.0,102.0,132.0,6.0
hsa-miR-1298-5p,4.0,4.0,2.0,4.0,4.0,168.0,4.0,2.0,4.0,2.0,438.0,2.0,4.0,4.0,4.0,10.0,12.0,4.0
hsa-miR-1301-5p,33.0,286.0,101.0,601.0,1.0,95.0,212.0,193.0,395.0,85.0,249.0,240.0,234.0,353.0,89.0,212.0,409.0,6.0
hsa-miR-1304-5p,73.0,110.5,37.0,331.0,110.5,110.5,110.5,59.0,78.0,143.0,304.0,110.5,193.0,110.5,110.5,49.0,160.0,110.5
hsa-miR-1306-3p,138.0,206.0,39.0,316.0,102.0,2.0,102.0,41.0,81.0,77.0,143.0,351.0,84.0,159.0,127.0,50.0,160.0,6.0
hsa-miR-1306-5p,138.0,102.0,49.0,102.0,102.0,102.0,102.0,44.0,102.0,89.0,102.0,426.0,102.0,102.0,127.0,102.0,172.0,7.0
hsa-miR-1307-5p,3554.0,16508.0,2524.0,30454.0,5184.0,2980.0,42.0,3820.0,4497.0,2724.0,7480.0,1626.0,10539.0,14783.0,8812.0,5345.0,12470.0,242.0
hsa-miR-130a-5p,28.0,46.0,45.0,104.0,94.0,100.0,3.0,34.0,11.0,95.0,392.0,202.0,94.0,145.0,148.0,90.0,312.0,19.0
hsa-miR-130b-5p,159.0,441.0,322.0,72.0,3.0,445.0,3.0,613.0,493.0,556.0,907.0,2643.0,792.0,316.0,213.0,254.0,482.0,12.0
hsa-miR-132-5p,15.0,6.0,20.0,20.0,20.0,2.0,4.0,22.0,18.0,35.0,20.0,648.0,36.0,38.0,29.0,20.0,20.0,7.0
hsa-miR-1322,28.0,72.0,4.0,28.0,28.0,28.0,28.0,28.0,16.0,22.0,90.0,58.0,36.0,6.0,28.0,24.0,278.0,28.0
hsa-miR-133a-5p,77.0,168.0,2.0,77.0,77.0,77.0,6.0,38.0,24.0,1068.0,2118.0,188.0,84.0,77.0,77.0,66.0,482.0,70.0
hsa-miR-133b,5.0,9.0,5.0,5.0,5.0,5.0,5.0,2.0,2.0,58.0,120.0,4.0,4.0,5.0,5.0,6.0,28.0,3.0
hsa-miR-134-5p,736.0,3140.0,632.0,17187.0,518.0,139.0,7.0,706.0,1614.0,361.0,780.0,1632.0,868.0,958.0,280.0,586.0,1469.0,14.0
hsa-miR-1343-5p,64.0,9.0,9.0,50.0,81.0,109.0,9.0,2.0,5.0,3.0,13.0,9.0,9.0,9.0,9.0,4.0,5.0,9.0
hsa-miR-139-5p,1076.0,1751.0,460.0,2155.0,765.0,1637.0,196.0,992.0,655.0,1124.0,3645.0,11557.0,2915.0,2627.0,1275.0,789.0,2211.0,184.0
hsa-miR-140-5p,1551.0,6375.0,1650.0,5688.0,1585.0,5984.0,81.0,2246.0,798.0,8729.0,18837.0,11419.0,6473.0,5003.0,1660.0,2474.0,12893.0,571.0
hsa-miR-141-5p,37.0,24.0,3.0,24.0,24.0,24.0,24.0,24.0,1.0,9.0,79.0,106.0,24.0,44.0,24.0,24.0,11.0,24.0
hsa-miR-142-5p,4003.0,45787.0,22482.0,40005.0,20608.0,38414.0,22482.0,1606.0,22482.0,8924.0,22753.0,23245.0,14559.0,22580.0,22384.0,22482.0,26654.0,473.0
hsa-miR-143-5p,414.0,1829.0,683.0,2400.0,1082.0,723.0,124.0,246.0,356.0,4257.0,97674.0,3549.0,2098.0,4733.0,1221.0,2263.0,7710.0,132.0
hsa-miR-144-5p,788.0,788.0,84.0,788.0,259.0,2440.0,9.0,112.0,788.0,788.0,1646.0,4456.0,1582.0,1797.0,788.0,344.0,3712.0,35.0
hsa-miR-145-5p,143.0,104.0,66.0,4.0,1.0,14.0,11.0,32.0,42.0,748.0,8848.0,813.0,273.0,644.0,289.0,182.0,580.0,18.0
hsa-miR-1468-5p,84.0,46.0,29.0,137.0,53.5,53.5,53.5,23.0,28.0,35.0,216.0,149.0,67.0,137.0,53.0,54.0,38.0,53.5
hsa-miR-146a-5p,1566.0,7880.0,4741.0,8517.0,3405.0,1812.0,502.0,4095.0,613.0,3567.0,15101.0,21401.0,8416.0,5832.0,2912.0,5844.0,21107.0,923.0
hsa-miR-146b-5p,285.0,1719.0,1087.0,1820.0,1459.0,1344.0,69.0,1035.0,362.0,1576.0,4827.0,4947.0,2318.0,2850.0,1001.0,1972.0,6470.0,140.0
hsa-miR-148a-3p,14873.0,19099.0,28121.0,13864.0,12579.0,27437.0,1128.0,15079.0,4903.0,99316.0,494882.0,308954.0,93390.0,99657.0,13076.0,38877.0,193684.0,6476.0
hsa-miR-148a-5p,15037.0,19402.0,28180.0,14534.0,12618.0,27438.0,1131.0,15137.0,5040.0,99401.0,495240.0,308956.0,93688.0,100292.0,13173.0,38977.0,194172.0,6484.0
hsa-miR-148b-5p,601.0,1763.0,979.0,806.0,567.0,1265.0,54.0,665.0,329.0,2217.0,6230.0,3709.0,3444.0,2807.0,481.0,1701.0,7824.0,369.0
hsa-miR-150-5p,597.0,383.0,141.0,221.0,219.0,1314.0,55.0,395.0,213.0,323.0,589.0,605.0,1437.0,2146.0,376.0,263.0,895.0,117.0
hsa-miR-151b,6591.0,26945.0,15706.0,32376.0,10587.0,16060.0,602.0,12879.0,8949.0,20649.0,57257.0,431893.0,34502.0,28908.0,11545.0,22929.0,72198.0,1503.0
hsa-miR-152-5p,98.0,185.0,58.0,198.0,152.0,405.0,10.0,56.0,31.0,185.0,1162.0,631.0,276.0,236.0,100.0,131.0,1073.0,50.0
hsa-miR-155-5p,103.5,154.0,46.0,115.0,103.5,222.0,24.0,27.0,44.0,103.0,284.0,1338.0,103.0,288.0,163.0,41.0,104.0,27.0
hsa-miR-15a-5p,65.0,3.0,12.0,55.0,2.0,68.0,2.0,4.0,2.0,56.0,206.0,367.0,70.0,3.0,36.0,36.0,178.0,10.0
hsa-miR-15b-5p,626.0,1551.0,153.0,490.5,490.5,682.0,29.0,242.0,156.0,577.0,1168.0,490.5,1716.0,490.5,404.0,341.0,490.5,490.5
hsa-miR-16-5p,72715.0,26243.0,10281.0,21402.0,12123.0,134919.0,157.0,20259.0,8784.0,35111.0,40663.0,33686.0,91130.0,40905.0,31749.0,14548.0,48240.0,439.0
hsa-miR-17-5p,38.0,658.0,342.0,241.0,816.0,570.0,86.0,428.0,84.0,1303.0,2640.0,1554.0,597.0,443.0,469.0,469.0,1163.0,102.0
hsa-miR-181a-5p,4006.0,7653.0,2910.0,15450.0,6154.0,11818.0,163.0,2546.0,648.0,8342.0,45714.0,12136.0,10058.0,15552.0,3498.0,6290.0,26099.0,748.0
hsa-miR-181b-5p,816.0,1688.0,248.0,2174.0,290.0,146.0,26.0,282.0,232.0,474.0,3043.0,430.0,974.0,1884.0,172.0,718.0,3489.0,86.0
hsa-miR-181c-5p,50.0,80.0,16.0,47.0,72.0,47.0,47.0,6.0,12.0,38.0,44.0,47.0,8.0,58.0,47.0,50.0,164.0,47.0
hsa-miR-181d-5p,16.0,334.0,100.0,386.0,100.0,100.0,12.0,72.0,86.0,86.0,346.0,402.0,82.0,348.0,100.0,156.0,416.0,8.0
hsa-miR-182-5p,311.0,242.0,46.0,178.0,242.0,108.0,10.0,52.0,23.0,484.0,518.0,464.0,492.0,277.0,250.0,52.0,1448.0,66.0
hsa-miR-183-5p,829.0,299.0,131.0,373.0,267.0,892.0,3.0,133.0,26.0,678.0,1330.0,1588.0,673.0,414.0,295.0,63.0,1151.0,32.0
hsa-miR-184,30.0,1.0,3.0,8.0,8.0,8.0,2.0,8.0,5.0,10.0,25.0,1.0,14.0,48.0,8.0,10.0,23.0,5.0
hsa-miR-1843,520.0,490.0,181.0,344.0,57.0,75.0,3.0,103.0,121.0,385.0,1173.0,1452.0,874.0,972.0,82.0,587.0,1892.0,44.0
hsa-miR-185-5p,5507.0,16396.0,5802.0,17051.0,2598.0,8639.0,31.0,7296.0,3296.0,31774.0,58896.0,87394.0,30703.0,13733.0,4150.0,4217.0,13912.0,548.0
hsa-miR-186-5p,586.0,1034.0,1343.0,1436.0,344.0,2825.0,40.0,694.0,580.0,3783.0,7315.0,4647.0,5233.0,2935.0,573.0,2549.0,10015.0,294.0
hsa-miR-18a-5p,101.0,101.0,80.0,56.0,101.0,101.0,4.0,101.0,49.0,303.0,413.0,287.0,441.0,333.0,67.0,76.0,135.0,101.0
hsa-miR-1908-5p,310.0,1007.0,272.0,1391.0,13.0,289.0,342.0,306.0,207.0,342.0,423.0,724.0,550.0,1895.0,164.0,513.0,892.0,10.0
hsa-miR-190b-5p,28.0,58.0,28.0,28.0,28.0,28.0,28.0,4.0,6.0,4.0,29.0,189.0,28.0,28.0,28.0,9.0,36.0,28.0
hsa-miR-191-5p,1299.0,4755.0,2204.0,5733.0,1756.0,2111.0,424.0,3235.0,2246.0,6535.0,10918.0,15437.0,5118.0,5761.0,1386.0,3579.0,12953.0,763.0
hsa-miR-192-5p,4520.0,3628.0,1948.0,1912.0,2740.0,2303.0,25.0,1877.0,1664.0,8592.0,25560.0,10504.0,10254.0,9220.0,765.0,5457.0,10023.0,249.0
hsa-miR-193a-5p,2236.0,4052.0,572.0,4888.0,1987.0,2331.0,2304.0,578.0,370.0,2951.0,8069.0,1136.0,4485.0,11862.0,2304.0,1417.0,5927.0,20.0
hsa-miR-193b-5p,433.0,411.0,73.0,438.0,177.0,447.0,2.0,65.0,20.0,227.0,1046.0,135.0,489.0,1573.0,169.0,191.0,409.0,227.0
hsa-miR-194-5p,476.0,569.0,231.0,119.0,405.0,886.0,3.0,139.0,25.0,993.0,4717.0,4329.0,1129.0,1137.0,238.0,284.0,1011.0,44.0
hsa-miR-195-5p,45.0,45.0,15.0,45.0,262.0,6.0,1.0,16.0,18.0,70.0,396.0,80.0,139.0,66.0,45.0,22.0,77.0,4.0
hsa-miR-196b-5p,33.5,33.5,11.0,91.0,2.0,33.5,33.5,6.0,34.0,33.0,70.0,1.0,44.0,27.0,33.5,42.0,94.0,33.5
hsa-miR-197-5p,55.0,25.0,53.0,112.0,1.0,270.0,7.0,61.0,75.0,122.0,191.0,116.0,119.0,116.0,49.0,59.0,45.0,47.0
hsa-miR-1972,241.0,2690.0,100.0,4273.0,590.0,672.0,2.0,96.0,230.0,170.0,630.0,726.0,699.0,488.0,827.0,664.0,1932.0,43.0
hsa-miR-1976,2.0,40.0,10.0,38.0,38.0,2.0,38.0,38.0,38.0,78.0,38.0,36.0,98.0,184.0,38.0,24.0,64.0,38.0
hsa-miR-199a-5p,528.0,2996.0,1000.0,2088.0,638.0,1305.0,974.0,866.0,1325.0,1680.0,11644.0,8772.0,2374.0,4170.0,1060.0,2279.0,8430.0,1318.0
hsa-miR-199b-5p,154.0,1150.0,268.0,818.0,248.0,250.0,451.0,186.0,271.0,603.0,5100.0,3741.0,677.0,1196.0,439.0,580.0,2381.0,635.0
hsa-miR-19a-5p,204.0,24.0,181.0,168.0,204.0,1553.0,7.0,108.0,7.0,790.0,1521.0,1453.0,421.0,232.0,204.0,204.0,664.0,9.0
hsa-miR-19b-1-5p,120.0,89.0,264.0,167.0,19.0,661.0,6.0,169.0,273.0,1225.0,1785.0,1014.0,612.0,429.0,273.0,282.0,1031.0,24.0
hsa-miR-19b-2-5p,120.0,89.0,264.0,167.0,19.0,661.0,6.0,169.0,5.0,1225.0,1785.0,1014.0,612.0,429.0,264.0,280.0,1026.0,24.0
hsa-miR-200a-5p,150.0,73.0,21.0,111.0,36.0,191.0,111.0,6.0,12.0,113.0,1192.0,332.0,109.0,160.0,111.0,66.0,135.0,111.0
hsa-miR-200b-5p,18.0,18.0,7.0,18.0,18.0,5.0,1.0,1.0,7.0,32.0,270.0,4.0,34.0,31.0,24.0,18.0,90.0,18.0
hsa-miR-200c-5p,25.5,33.0,5.0,71.0,25.5,329.0,25.5,18.0,2.0,24.0,196.0,225.0,11.0,25.5,45.0,11.0,27.0,3.0
hsa-miR-202-3p,22.0,68.0,2.0,9.0,15.5,98.0,15.5,3.0,1.0,15.5,55.0,96.0,15.5,15.5,15.5,15.5,3.0,15.5
hsa-miR-202-5p,22.0,68.0,2.0,9.0,1.0,98.0,14.0,3.0,1.0,19.0,55.0,96.0,14.0,14.0,14.0,14.0,3.0,14.0
hsa-miR-203a-5p,3.0,3.0,3.0,3.0,3.0,1.0,1.0,2.0,3.0,26.0,366.0,2.0,3.0,81.0,3.0,3.0,3.0,3.0
hsa-miR-204-5p,229.0,364.0,21.0,425.0,268.0,322.0,233.0,48.0,31.0,81.0,651.0,456.0,208.0,650.0,233.0,181.0,314.0,4.0
hsa-miR-206,40.0,40.0,40.0,76.0,1.0,40.0,40.0,2.0,8.0,1231.0,5348.0,76.0,11.0,53.0,69.0,10.0,18.0,40.0
hsa-miR-20a-5p,217.0,421.0,221.0,40.0,234.0,783.0,34.0,168.0,92.0,827.0,2822.0,4887.0,518.0,335.0,325.0,212.0,539.0,38.0
hsa-miR-20b-5p,32.0,57.5,30.0,57.5,57.5,222.0,57.5,53.0,15.0,230.0,609.0,478.0,76.0,30.0,62.0,44.0,121.0,12.0
hsa-miR-21-5p,5519.0,20507.0,5462.0,20184.0,6098.0,13605.0,1483.0,4525.0,6458.0,8486.0,51860.0,117311.0,13357.0,19170.0,10669.0,10012.0,34737.0,1069.0
hsa-miR-210-5p,304.0,200.0,68.0,1066.0,124.0,4.0,4.0,94.0,106.0,194.0,486.0,8.0,504.0,374.0,100.0,122.0,646.0,8.0
hsa-miR-2115-5p,23.0,23.0,23.0,43.0,23.0,23.0,23.0,2.0,1.0,60.0,44.0,23.0,12.0,234.0,23.0,14.0,54.0,2.0
hsa-miR-214-5p,1.0,94.0,60.0,60.0,35.0,341.0,60.0,8.0,60.0,165.0,1123.0,110.0,40.0,62.0,62.0,40.0,58.0,2.0
hsa-miR-215-5p,68.0,190.0,128.0,232.0,15.0,191.0,1.0,36.0,16.0,266.0,1042.0,1321.0,351.0,704.0,118.0,293.0,434.0,10.0
hsa-miR-218-5p,66.0,234.0,3.0,66.0,66.0,24.0,66.0,3.0,3.0,306.0,3867.0,477.0,66.0,111.0,66.0,48.0,171.0,9.0
hsa-miR-22-5p,53562.0,117864.0,25350.0,153670.0,50108.0,65040.0,242.0,23906.0,15830.0,89182.0,201580.0,41200.0,128834.0,129630.0,43074.0,54316.0,160580.0,3566.0
hsa-miR-221-5p,1212.0,2912.0,963.0,3320.0,774.0,1240.0,165.0,847.0,1970.0,1494.0,5041.0,2419.0,3556.0,5084.0,1027.0,2445.0,7404.0,603.0
hsa-miR-222-5p,1139.0,2441.0,1495.0,2705.0,678.0,1659.0,43.0,2040.0,2310.0,2539.0,8074.0,7389.0,4551.0,4360.0,1786.0,2587.0,6340.0,112.0
hsa-miR-223-5p,719.0,1680.0,849.0,2226.0,1680.0,1566.0,1680.0,1035.0,1514.0,3647.0,4882.0,16432.0,1344.0,9545.0,2081.0,1251.0,4675.0,1680.0
hsa-miR-224-5p,13.0,131.0,174.0,97.0,1.0,255.0,3.0,88.0,57.0,233.0,484.0,987.0,231.0,191.0,131.0,110.0,353.0,20.0
hsa-miR-2276-5p,10.0,10.0,10.0,61.0,10.0,10.0,10.0,9.0,10.0,15.0,14.0,29.0,10.0,7.0,10.0,7.0,3.0,10.0
hsa-miR-2355-5p,10.0,23.0,16.0,55.0,1.0,23.0,1.0,13.0,23.0,20.0,52.0,282.0,24.0,47.0,23.0,33.0,81.0,4.0
hsa-miR-23a-5p,490.0,512.0,190.0,822.0,512.0,512.0,98.0,288.0,202.0,760.0,3742.0,3218.0,942.0,512.0,512.0,512.0,1746.0,380.0
hsa-miR-23b-5p,14.0,528.0,61.0,465.0,1.0,34.0,14.0,117.0,126.0,78.0,97.5,668.0,97.5,314.0,20.0,131.0,97.5,97.5
hsa-miR-24-1-5p,3672.0,10663.0,5418.0,9074.0,4417.0,7966.0,172.0,5083.0,2413.0,12337.0,49255.0,43326.0,13570.0,16308.0,2429.0,6666.0,24110.0,607.0
hsa-miR-24-2-5p,7560.0,21896.0,11014.0,18788.0,9318.0,15972.0,352.0,10284.0,5034.0,25574.0,100868.0,89386.0,27614.0,34258.0,5224.0,13806.0,49740.0,1226.0
hsa-miR-24-3p,7342.0,21320.0,10832.0,18018.0,8832.0,15688.0,338.0,10160.0,4816.0,24658.0,98144.0,86432.0,27110.0,32604.0,4854.0,13316.0,48176.0,1212.0
hsa-miR-25-5p,9607.0,16750.0,7467.0,18732.0,8739.0,15021.0,63.0,6571.0,2434.0,23910.0,69588.0,32999.0,36945.0,19505.0,6875.0,10312.0,28543.0,2814.0
hsa-miR-26a-5p,10570.0,32726.0,6794.0,30085.0,13072.0,22652.0,5402.0,8327.0,10860.0,12639.0,43735.0,150222.0,24235.0,38242.0,26246.0,12053.0,36404.0,7861.0
hsa-miR-26b-5p,548.0,1121.0,417.0,847.0,448.0,715.0,221.0,406.0,225.0,704.0,3322.0,8648.0,1117.0,1166.0,458.0,429.0,1311.0,336.0
hsa-miR-27a-5p,6054.0,8702.0,1306.0,3806.0,4532.0,13962.0,396.0,950.0,704.0,7218.0,59554.0,134244.0,8938.0,22058.0,3370.0,2898.0,20486.0,796.0
hsa-miR-27b-5p,1167.0,2012.0,230.0,835.0,1071.0,1363.0,127.0,238.0,168.0,1066.0,17753.0,6871.0,3058.0,4464.0,1036.0,806.0,4538.0,221.0
hsa-miR-28-5p,322.0,1098.0,543.0,2193.0,437.0,251.0,36.0,874.0,901.0,929.0,3955.0,1424.0,1992.0,2566.0,515.0,1494.0,5262.0,128.0
hsa-miR-296-5p,7.0,26.0,26.0,128.0,216.0,74.0,26.0,14.0,9.0,22.0,52.0,190.0,30.0,15.0,26.0,4.0,69.0,5.0
hsa-miR-29a-5p,257.0,1140.0,134.0,709.0,919.0,2289.0,18.0,93.0,72.0,478.0,3104.0,1769.0,646.0,1317.0,865.0,301.0,2050.0,37.0
hsa-miR-29b-1-5p,38.0,6.0,14.5,14.5,14.5,6.0,5.0,3.0,14.5,23.0,58.0,14.5,14.0,52.0,14.5,15.0,63.0,3.0
hsa-miR-29b-2-5p,81.0,6.0,3.0,9.0,9.0,6.0,5.0,9.0,3.0,29.0,58.0,9.0,37.0,9.0,9.0,21.0,83.0,6.0
hsa-miR-3064-5p,2.0,15.0,3.0,52.0,15.0,15.0,15.0,5.0,8.0,7.0,17.0,173.0,27.0,27.0,15.0,15.0,15.0,15.0
hsa-miR-3074-5p,60.0,58.0,12.0,58.0,58.0,58.0,58.0,56.0,60.0,12.0,20.0,58.0,12.0,544.0,58.0,61.0,248.0,58.0
hsa-miR-30a-5p,242.0,292.5,255.0,315.0,575.0,1032.0,75.0,249.0,292.5,1055.0,292.5,1515.0,292.5,292.5,531.0,270.0,292.5,108.0
hsa-miR-30b-5p,1.0,204.0,12.0,37.0,177.0,29.0,445.0,13.0,28.0,30.0,106.0,305.0,46.0,63.0,46.0,45.0,162.0,329.0
hsa-miR-30c-5p,35.0,706.0,99.0,469.0,200.0,691.0,239.0,181.0,216.0,470.0,1173.0,3012.0,530.0,731.0,244.0,328.0,808.0,493.0
hsa-miR-30d-5p,6784.0,15297.0,9377.0,18303.0,10265.0,20799.0,281.0,14492.0,3464.0,20408.0,59468.0,60280.0,27855.0,22492.0,9675.0,8519.0,23932.0,398.0
hsa-miR-30e-5p,1451.0,2767.0,1255.0,1895.0,1525.0,5320.0,63.0,1373.0,668.0,4098.0,9528.0,6081.0,2928.0,2861.0,1745.0,1104.0,4280.0,134.0
hsa-miR-3120-5p,69.0,144.0,45.0,86.0,55.0,2.0,1.0,42.0,35.0,22.0,65.0,295.0,82.0,96.0,55.0,41.0,55.0,55.0
hsa-miR-3124-5p,17.5,17.5,10.0,76.0,17.5,17.5,17.5,6.0,11.0,17.0,30.0,17.5,24.0,69.0,17.5,4.0,18.0,17.5
hsa-miR-3127-5p,23.5,23.5,23.5,89.0,1.0,23.5,23.5,23.0,8.0,28.0,59.0,23.5,24.0,94.0,23.5,8.0,19.0,23.5
hsa-miR-3138,62.0,30.0,10.0,218.0,100.0,4.0,30.0,27.0,16.0,8.0,14.0,51.0,47.0,52.0,33.0,26.0,73.0,3.0
hsa-miR-3143,19.0,19.0,3.0,73.0,19.0,19.0,19.0,1.0,19.0,4.0,26.0,24.0,29.0,19.0,19.0,2.0,19.0,19.0
hsa-miR-3150a-5p,28.0,15.0,3.0,38.0,15.0,15.0,15.0,10.0,4.0,11.0,36.0,68.0,38.0,40.0,15.0,4.0,1.0,15.0
hsa-miR-3150b-5p,23.0,23.0,6.0,23.0,23.0,63.0,23.0,7.0,4.0,29.0,42.0,2.0,42.0,58.0,23.0,4.0,23.0,23.0
hsa-miR-3155b,19.0,4.0,4.0,4.0,4.0,4.0,4.0,2.0,1.0,4.0,3.0,1.0,9.0,4.0,4.0,4.0,9.0,4.0
hsa-miR-3157-5p,43.0,51.0,11.0,43.0,43.0,43.0,43.0,3.0,5.0,52.0,68.0,43.0,32.0,43.0,43.0,17.0,84.0,43.0
hsa-miR-3158-5p,2698.0,4232.0,678.0,5370.0,1626.0,5162.0,40.0,1318.0,592.0,3006.0,4012.0,14106.0,5798.0,2904.0,3952.0,1872.0,3882.0,114.0
hsa-miR-3173-5p,15.0,27.0,25.0,27.0,27.0,46.0,27.0,19.0,7.0,30.0,17.0,65.0,36.0,85.0,27.0,27.0,27.0,27.0
hsa-miR-3176,27.0,41.0,27.0,22.0,27.0,27.0,27.0,1.0,27.0,7.0,6.0,73.0,57.0,46.0,27.0,9.0,32.0,27.0
hsa-miR-3177-5p,29.0,62.0,14.0,54.0,116.0,28.5,2.0,13.0,17.0,21.0,64.0,28.0,60.0,76.0,28.5,14.0,78.0,7.0
hsa-miR-3187-5p,58.0,62.0,6.0,14.5,14.5,14.5,14.5,5.0,7.0,21.0,28.0,3.0,43.0,17.0,14.5,12.0,12.0,14.5
hsa-miR-3190-3p,13.5,84.0,12.0,13.5,13.5,13.5,13.5,5.0,14.0,13.5,13.0,12.0,23.0,76.0,13.5,8.0,17.0,13.5
hsa-miR-3190-5p,13.5,84.0,12.0,13.5,13.5,13.5,13.5,5.0,14.0,13.5,13.0,12.0,23.0,76.0,13.5,8.0,17.0,13.5
hsa-miR-3198,76.0,49.0,2.0,16.0,16.0,162.0,16.0,2.0,16.0,12.0,10.0,16.0,16.0,16.0,64.0,8.0,20.0,16.0
hsa-miR-3199,37.0,17.0,14.0,51.0,15.5,15.5,15.5,15.5,12.0,5.0,6.0,15.5,14.0,84.0,308.0,15.5,15.5,15.5
hsa-miR-32-5p,58.0,3.0,29.0,60.0,60.0,328.0,5.0,3.0,6.0,29.0,538.0,1419.0,79.0,159.0,60.0,62.0,233.0,60.0
hsa-miR-320a-5p,242621.0,171188.0,82910.0,171188.0,171188.0,214127.0,130.0,170200.0,83562.0,231955.0,389670.0,171188.0,391848.0,338004.0,197618.0,57975.0,157512.0,3742.0
hsa-miR-320b,33392.0,141039.0,6365.0,301016.0,82064.0,91577.0,20.0,12236.0,5947.0,17373.0,32826.0,11105.0,36031.0,109657.0,33803.0,6985.0,17763.0,412.0
hsa-miR-320c,26763.0,46872.0,1702.0,74281.0,26358.0,51436.0,3.0,3321.0,2382.0,5209.0,11629.0,6167.0,14336.0,51389.0,26063.0,4127.0,8264.0,138.0
hsa-miR-320d,21696.0,28470.0,166.0,26496.0,9747.0,12257.0,6904.5,242.0,1119.0,513.0,7211.0,911.0,6598.0,23849.0,9305.0,2088.0,5714.0,6904.5
hsa-miR-320e,828.0,1526.0,203.0,2979.0,679.0,736.0,707.5,389.0,194.0,639.0,926.0,669.0,967.0,959.0,793.0,190.0,338.0,707.5
hsa-miR-323a-5p,24.0,51.0,13.0,312.0,24.0,1.0,24.0,16.0,12.0,15.0,76.0,52.0,24.0,63.0,52.0,19.0,57.0,3.0
hsa-miR-323b-5p,21.0,84.0,31.0,339.0,26.0,26.0,1.0,10.0,13.0,19.0,44.0,231.0,107.0,26.0,26.0,14.0,71.0,7.0
hsa-miR-324-5p,49.0,101.0,16.0,164.0,52.0,148.0,3.0,14.0,11.0,16.0,72.0,52.0,76.0,84.0,52.0,27.0,77.0,52.0
hsa-miR-326,132.0,85.0,47.0,241.0,80.0,238.0,44.0,37.0,32.0,30.0,95.0,1.0,205.0,339.0,85.0,125.0,558.0,50.0
hsa-miR-328-5p,3184.0,1721.0,2403.0,2591.0,1029.0,3422.0,10.0,2281.0,2334.0,2978.0,5803.0,5427.0,8561.0,4866.0,3584.0,2507.0,1124.0,111.0
hsa-miR-329-5p,10.0,10.0,14.0,10.0,2.0,5.0,10.0,14.0,2.0,4.0,42.0,10.0,28.0,2.0,10.0,10.0,128.0,10.0
hsa-miR-330-5p,67.0,243.0,153.0,640.0,2.0,238.0,4.0,312.0,270.0,244.0,244.0,1285.0,420.0,769.0,217.0,312.0,676.0,31.0
hsa-miR-331-5p,149.0,6.0,42.0,116.0,77.0,193.0,4.0,52.0,45.0,66.0,264.0,175.0,252.0,123.0,77.0,59.0,167.0,12.0
hsa-miR-335-5p,47.0,121.0,71.0,297.0,2.0,149.0,13.0,54.0,50.0,133.0,573.0,1853.0,74.0,139.0,217.0,75.0,125.0,28.0
hsa-miR-338-5p,1.0,157.0,23.0,106.5,245.0,106.5,106.5,32.0,30.0,106.0,318.0,254.0,107.0,266.0,106.5,73.0,156.0,15.0
hsa-miR-339-5p,433.0,816.0,276.0,996.0,148.0,786.0,18.0,372.0,252.0,772.0,1398.0,334.0,1485.0,2219.0,553.0,612.0,2865.0,54.0
hsa-miR-340-5p,159.0,376.0,145.0,133.0,293.0,448.0,24.0,82.0,86.0,262.0,1126.0,5836.0,256.0,532.0,265.0,229.0,629.0,28.0
hsa-miR-342-5p,1198.0,1742.0,356.0,1613.0,1287.0,700.0,41.0,678.0,444.0,517.0,2206.0,3213.0,1904.0,2790.0,803.0,1219.0,4594.0,1219.0
hsa-miR-345-5p,332.0,277.0,89.0,379.0,156.0,545.0,4.0,110.0,55.0,403.0,839.0,208.0,749.0,1351.0,241.0,238.0,1492.0,32.0
hsa-miR-3605-5p,156.0,24.0,72.0,63.0,82.0,72.0,72.0,72.0,72.0,72.0,72.0,246.0,72.0,72.0,17.0,17.0,82.0,72.0
hsa-miR-361-5p,352.0,1173.0,278.0,1305.0,565.0,178.0,618.5,450.0,352.0,672.0,1924.0,4834.0,480.0,1549.0,319.0,823.0,2821.0,618.5
hsa-miR-3615,13750.0,8530.0,1672.0,8114.0,958.0,5211.0,8.0,3468.0,1056.0,9075.0,12823.0,7038.0,14360.0,13451.0,4243.0,2503.0,8076.0,159.0
hsa-miR-363-5p,2231.0,2470.0,750.0,1555.0,679.0,2554.0,19.0,841.0,332.0,3592.0,7816.0,7035.0,4598.0,5044.0,799.0,1238.0,8313.0,314.0
hsa-miR-365b-5p,10.0,10.0,1.0,32.0,10.0,4.0,10.0,10.0,2.0,20.0,61.0,1.0,12.0,10.0,10.0,8.0,12.0,10.0
hsa-miR-3679-5p,7.0,11.0,2.0,66.0,11.0,11.0,11.0,7.0,4.0,9.0,11.0,156.0,17.0,15.0,91.0,3.0,84.0,11.0
hsa-miR-369-5p,23.0,16.0,9.0,113.0,11.0,5.0,2.0,3.0,3.0,8.0,13.0,141.0,11.0,39.0,11.0,8.0,37.0,11.0
hsa-miR-3691-5p,12.5,54.0,2.0,68.0,12.5,12.5,12.5,1.0,3.0,12.5,16.0,12.5,21.0,12.5,24.0,12.5,9.0,2.0
hsa-miR-370-5p,30.0,1536.0,172.0,16132.0,357.0,226.0,31.0,234.0,935.0,213.0,190.0,759.0,688.0,1091.0,1306.0,804.0,1394.0,15.0
hsa-miR-374a-5p,10.0,18.0,9.0,15.0,18.0,18.0,18.0,12.0,8.0,20.0,111.0,473.0,31.0,132.0,85.0,15.0,42.0,12.0
hsa-miR-374b-5p,15.0,26.0,1.0,15.0,1.0,10.0,19.0,1.0,4.0,21.0,15.0,89.0,22.0,32.0,15.0,12.0,19.0,4.0
hsa-miR-375-5p,1736.0,770.0,458.0,1641.0,1241.0,2675.0,1037.0,283.0,121.0,1037.0,3007.0,1319.0,1035.0,2246.0,407.0,912.0,1249.0,3.0
hsa-miR-378a-5p,24319.0,17850.0,3209.0,40817.0,7324.0,10313.0,53.0,6076.0,3234.0,20076.0,30319.0,6524.0,28914.0,59324.0,19099.0,6859.0,35287.0,505.0
hsa-miR-378e,32.0,4.0,1.0,5.0,1.0,1.0,3.0,3.0,3.0,3.0,3.0,3.0,3.0,35.0,3.0,3.0,37.0,3.0
hsa-miR-378i,1794.0,1163.0,146.0,2706.0,534.0,618.0,1258.5,343.0,219.0,1354.0,2088.0,165.0,1989.0,3817.0,1996.0,466.0,2473.0,1258.5
hsa-miR-379-5p,38.0,54.0,5.0,274.0,72.0,9.0,9.0,4.0,52.0,19.0,43.0,652.0,27.0,45.0,38.0,33.0,56.0,6.0
hsa-miR-381-5p,1.0,27.0,53.0,701.0,87.5,17.0,20.0,29.0,61.0,124.0,446.0,1070.0,114.0,147.0,87.5,242.0,609.0,13.0
hsa-miR-382-5p,146.0,557.0,238.0,3027.0,10.0,103.0,1.0,131.0,272.0,99.0,481.0,689.0,341.0,157.0,91.0,338.0,621.0,10.0
hsa-miR-3909,35.0,14.0,10.0,14.0,1.0,14.0,14.0,14.0,2.0,32.0,118.0,26.0,45.0,4.0,14.0,14.0,82.0,3.0
hsa-miR-3913-5p,328.0,130.0,52.0,340.0,2.0,148.0,148.0,46.0,148.0,118.0,446.0,198.0,182.0,166.0,148.0,128.0,426.0,32.0
hsa-miR-3928-5p,19.0,11.0,3.0,183.0,1.0,11.0,1.0,11.0,12.0,15.0,11.0,1.0,42.0,11.0,11.0,11.0,11.0,3.0
hsa-miR-409-5p,722.0,1250.0,1439.0,11086.0,963.0,676.0,7.0,1108.0,1800.0,950.0,1051.0,1727.0,1986.0,1234.0,1532.0,1755.0,1795.0,22.0
hsa-miR-411-5p,7.5,7.5,7.0,7.5,7.5,3.0,3.0,8.0,4.0,3.0,39.0,39.0,23.0,7.5,7.5,14.0,56.0,6.0
hsa-miR-412-5p,3.0,3.0,3.0,3.0,3.0,1.0,3.0,3.0,2.0,10.0,50.0,2.0,32.0,3.0,2.0,5.0,21.0,3.0
hsa-miR-421,72.0,40.0,20.0,38.5,38.5,38.5,5.0,25.0,1.0,50.0,173.0,273.0,37.0,40.0,38.5,13.0,67.0,3.0
hsa-miR-423-5p,994275.0,391043.0,65381.0,782532.0,162896.0,641450.0,591.0,117587.0,46023.0,175137.0,236660.0,85889.0,395412.0,560775.0,388338.0,193207.0,558014.0,10290.0
hsa-miR-424-5p,341.0,253.0,87.0,341.0,157.0,481.0,341.0,125.0,16.0,592.0,1856.0,761.0,765.0,486.0,341.0,221.0,857.0,22.0
hsa-miR-431-5p,29.5,41.0,14.0,29.5,29.5,92.0,29.5,29.5,21.0,13.0,8.0,218.0,29.0,81.0,29.5,30.0,82.0,2.0
hsa-miR-432-5p,120.0,455.0,221.0,2655.0,362.0,522.0,5.0,393.0,931.0,113.0,236.0,1559.0,421.0,287.0,235.0,373.0,454.0,373.0
hsa-miR-433-5p,20.0,124.0,38.0,569.0,121.0,2.0,2.0,45.0,39.0,30.0,62.0,72.0,64.0,41.0,52.5,60.0,137.0,52.5
hsa-miR-4429,172.0,340.0,40.0,640.0,169.0,150.0,156.0,75.0,33.0,82.0,188.0,19.0,242.0,280.0,162.0,24.0,81.0,156.0
hsa-miR-4433b-3p,2033.0,1857.0,205.0,3985.0,568.0,13751.0,1093.5,408.0,516.0,271.0,284.0,236.0,938.0,1846.0,5323.0,1249.0,5462.0,1093.5
hsa-miR-4433b-5p,2084.0,1905.0,382.0,4220.0,568.0,14011.0,39.0,497.0,642.0,350.0,331.0,1105.0,1105.0,1938.0,5572.0,1326.0,5708.0,62.0
hsa-miR-4440,340.0,195.0,40.0,40.0,40.0,40.0,40.0,30.0,40.0,115.0,85.0,10.0,40.0,40.0,40.0,10.0,35.0,40.0
hsa-miR-4446-5p,106.0,238.0,72.0,529.0,140.0,2.0,144.0,213.0,138.0,64.0,79.0,650.0,176.0,519.0,144.0,210.0,389.0,4.0
hsa-miR-4470,7.5,7.5,1.0,41.0,7.5,1.0,7.5,7.5,4.0,28.0,6.0,1.0,28.0,7.5,7.5,9.0,15.0,7.5
hsa-miR-4489,69.0,69.0,37.0,20.0,37.0,247.0,37.0,11.0,2.0,21.0,16.0,115.0,37.0,47.0,37.0,8.0,40.0,37.0
hsa-miR-450a-5p,85.0,85.0,16.0,85.0,85.0,6.0,3.0,12.0,3.0,85.0,338.0,146.0,96.0,399.0,85.0,102.0,368.0,34.0
hsa-miR-452-5p,15.0,236.0,55.5,204.0,55.5,55.5,1.0,55.5,28.0,55.5,769.0,137.0,55.5,83.0,12.0,55.5,55.5,8.0
hsa-miR-4525,8.0,126.0,4.0,124.0,2.0,8.0,8.0,2.0,8.0,8.0,8.0,8.0,8.0,44.0,166.0,4.0,8.0,8.0
hsa-miR-455-5p,19.0,19.0,9.0,19.0,19.0,7.0,19.0,19.0,1.0,59.0,571.0,1.0,6.0,19.0,135.0,29.0,66.0,19.0
hsa-miR-4661-5p,25.5,68.0,4.0,114.0,25.5,173.0,25.5,6.0,1.0,29.0,40.0,1.0,33.0,25.5,25.5,10.0,22.0,25.5
hsa-miR-4665-5p,17.0,179.0,9.0,16.0,2.0,87.0,1.0,15.0,22.0,17.0,15.0,17.0,80.0,107.0,4.0,25.0,18.0,17.0
hsa-miR-4667-5p,55.0,16.0,1.0,16.0,58.0,16.0,16.0,16.0,16.0,2.0,8.0,16.0,14.0,26.0,24.0,2.0,18.0,16.0
hsa-miR-4677-5p,20.0,20.0,10.0,20.0,20.0,20.0,20.0,14.0,20.0,14.0,42.0,360.0,24.0,20.0,20.0,12.0,66.0,20.0
hsa-miR-4732-5p,3417.0,1160.5,1160.5,995.0,600.0,3300.0,1160.5,1074.0,1160.5,1612.0,2616.0,1160.5,1160.5,1160.5,1247.0,1160.5,1033.0,17.0
hsa-miR-4738-5p,19.0,18.5,4.0,18.5,64.0,18.5,18.5,18.5,3.0,8.0,35.0,18.5,18.0,53.0,18.5,4.0,19.0,18.5
hsa-miR-4742-5p,14.0,46.0,14.0,14.0,14.0,14.0,14.0,12.0,3.0,12.0,29.0,92.0,27.0,14.0,14.0,14.0,8.0,14.0
hsa-miR-4743-5p,12.0,64.0,2.0,92.0,12.0,12.0,12.0,2.0,12.0,8.0,20.0,12.0,12.0,12.0,12.0,4.0,30.0,12.0
hsa-miR-4746-5p,11.0,96.0,12.0,57.0,57.0,305.0,57.0,42.0,5.0,60.0,101.0,57.0,106.0,28.0,57.0,12.0,96.0,57.0
hsa-miR-4750-5p,41.0,113.0,5.0,69.0,14.5,177.0,14.5,1.0,11.0,14.5,22.0,1.0,18.0,14.5,14.5,9.0,5.0,14.5
hsa-miR-4755-5p,30.0,270.0,2.0,132.0,78.0,55.0,55.0,55.0,14.0,32.0,160.0,2.0,20.0,184.0,58.0,39.0,83.0,55.0
hsa-miR-483-5p,1965.0,2309.0,72.0,3399.0,3509.0,697.0,602.5,66.0,63.0,160.0,433.0,425.0,508.0,4590.0,1104.0,351.0,1101.0,602.5
hsa-miR-484,4082.0,2704.0,2286.0,3536.0,1556.0,9078.0,36.0,2250.0,568.0,4458.0,14180.0,2662.0,10740.0,7298.0,2538.0,2382.0,8146.0,370.0
hsa-miR-485-5p,89.0,463.0,172.0,1135.0,7.0,253.0,2.0,164.0,203.0,136.0,446.0,62.0,316.0,431.0,77.0,223.0,228.0,203.0
hsa-miR-486-5p,2363764.0,959550.0,699931.0,1564193.0,474452.0,3005301.0,431.0,1345037.0,351964.0,1988137.0,2877865.0,1536393.0,3218151.0,1109748.0,761772.0,606730.0,1298594.0,26432.0
hsa-miR-487a-5p,7.0,38.0,7.0,79.0,7.0,7.0,7.0,7.0,2.0,8.0,7.0,7.0,7.0,15.0,7.0,3.0,2.0,7.0
hsa-miR-491-5p,45.0,8.0,3.0,99.0,90.0,8.0,3.0,1.0,10.0,3.0,6.0,8.0,8.0,28.0,8.0,2.0,13.0,8.0
hsa-miR-493-5p,17.0,267.0,51.0,912.0,64.0,37.0,16.0,34.0,262.0,39.0,88.0,2164.0,102.0,212.0,114.0,159.0,431.0,11.0
hsa-miR-495-5p,16.0,57.0,6.0,8.0,16.0,10.0,9.0,16.0,16.0,17.0,89.0,1337.0,16.0,9.0,16.0,10.0,97.0,16.0
hsa-miR-499a-5p,57.5,57.5,7.0,78.0,57.5,57.5,57.5,1.0,1.0,163.0,1070.0,638.0,37.0,57.5,57.5,20.0,111.0,57.5
hsa-miR-500a-5p,82.0,128.0,25.0,324.0,1.0,82.0,1.0,20.0,20.0,153.0,467.0,151.0,413.0,355.0,13.0,63.0,328.0,23.0
hsa-miR-501-5p,920.0,1268.0,210.0,1568.0,141.0,894.0,894.0,393.0,138.0,1117.0,2514.0,422.0,3049.0,2844.0,725.0,566.0,2231.0,43.0
hsa-miR-502-5p,44.0,167.0,28.0,257.0,1.0,144.0,1.0,21.0,21.0,175.0,482.0,240.0,353.0,323.0,25.0,53.0,317.0,23.0
hsa-miR-503-5p,26.0,55.0,14.0,105.0,136.0,168.0,87.0,14.0,2.0,117.0,352.0,87.0,98.0,64.0,87.0,44.0,236.0,87.0
hsa-miR-504-5p,16.0,31.0,16.0,16.0,16.0,134.0,16.0,2.0,3.0,3.0,16.0,16.0,23.0,38.0,16.0,10.0,16.0,16.0
hsa-miR-505-5p,164.0,245.0,55.0,246.0,282.0,162.0,5.0,100.0,61.0,119.0,287.0,1057.0,273.0,128.0,203.0,87.0,218.0,16.0
hsa-miR-511-5p,128.0,756.0,60.0,96.0,890.0,24.0,6.0,36.0,44.0,772.0,2692.0,2256.0,344.0,898.0,84.0,199.0,300.0,12.0
hsa-miR-5189-5p,40.0,73.0,3.0,107.0,40.0,1.0,40.0,25.0,18.0,2.0,60.0,100.0,40.0,90.0,40.0,12.0,51.0,40.0
hsa-miR-532-5p,869.0,1335.0,783.0,1338.0,328.0,1842.0,16.0,731.0,208.0,3448.0,9705.0,1055.0,4806.0,2802.0,1055.0,1664.0,5262.0,152.0
hsa-miR-542-5p,31.5,95.0,3.0,46.0,31.5,31.5,31.5,8.0,31.5,6.0,55.0,39.0,31.5,24.0,31.5,2.0,51.0,31.5
hsa-miR-543,681.0,349.0,509.0,1757.0,63.0,372.0,3.0,714.0,560.0,522.0,952.0,4174.0,768.0,697.0,371.0,669.0,970.0,6.0
hsa-miR-548au-5p,139.0,126.0,39.0,126.0,126.0,126.0,1.0,39.0,24.0,113.0,267.0,1158.0,152.0,156.0,126.0,126.0,211.0,14.0
hsa-miR-548av-5p,45.0,81.0,29.0,45.0,45.0,45.0,4.0,20.0,4.0,39.0,124.0,114.0,280.0,128.0,45.0,45.0,125.0,24.0
hsa-miR-548e-5p,21.0,7.0,2.0,89.0,21.0,21.0,21.0,21.0,1.0,21.0,37.0,21.0,21.0,30.0,21.0,9.0,62.0,21.0
hsa-miR-548j-3p,12.0,12.0,3.0,39.0,12.0,12.0,12.0,13.0,1.0,5.0,9.0,496.0,12.0,12.0,12.0,12.0,31.0,12.0
hsa-miR-550a-3-5p,551.0,370.0,250.0,1822.0,527.5,504.0,527.5,320.0,198.0,967.0,2205.0,628.0,1334.0,703.0,328.0,296.0,884.0,15.0
hsa-miR-550b-2-5p,87.0,75.0,18.0,15.0,18.0,18.0,18.0,6.0,6.0,18.0,18.0,18.0,21.0,18.0,18.0,18.0,48.0,18.0
hsa-miR-574-5p,21.0,43.0,10.0,135.0,49.0,5.0,1.0,21.0,103.0,81.0,226.0,593.0,36.0,79.0,49.0,55.0,130.0,9.0
hsa-miR-579-5p,5.0,5.0,3.0,88.0,5.0,5.0,5.0,4.0,5.0,7.0,3.0,5.0,12.0,28.0,5.0,1.0,5.0,5.0
hsa-miR-582-5p,83.5,83.5,83.5,52.0,83.5,83.5,1.0,83.5,83.5,122.0,226.0,115.0,12.0,173.0,43.0,14.0,178.0,83.5
hsa-miR-584-5p,355.0,1356.0,519.0,1466.0,324.0,1371.0,15.0,434.0,460.0,577.0,4062.0,2268.0,1669.0,888.0,538.0,852.0,2185.0,54.0
hsa-miR-589-5p,51.0,111.0,28.0,143.0,92.0,92.0,1.0,63.0,53.0,91.0,201.0,93.0,259.0,136.0,131.0,60.0,323.0,7.0
hsa-miR-597-5p,38.0,23.0,12.0,23.0,23.0,23.0,23.0,14.0,14.0,30.0,12.0,23.0,30.0,58.0,23.0,16.0,48.0,23.0
hsa-miR-610,84.0,18.0,38.0,63.5,63.5,63.5,63.5,59.0,15.0,133.0,68.0,63.5,76.0,111.0,174.0,13.0,48.0,63.5
hsa-miR-615-5p,69.0,31.0,21.0,46.0,72.0,193.0,33.0,9.0,10.0,101.0,847.0,7.0,72.0,23.0,1.0,35.0,6.0,33.0
hsa-miR-619-5p,20.0,52.0,4.0,16.0,53.0,128.0,15.0,2.0,16.0,16.0,16.0,16.0,16.0,16.0,16.0,3.0,16.0,16.0
hsa-miR-625-5p,128.0,192.0,314.0,888.0,466.0,2054.0,20.0,1488.0,258.0,350.0,1416.0,1042.0,1184.0,1588.0,230.0,570.0,234.0,68.0
hsa-miR-628-5p,35.0,60.0,16.0,45.0,43.5,117.0,43.5,16.0,27.0,22.0,104.0,409.0,42.0,64.0,43.5,18.0,66.0,43.5
hsa-miR-629-5p,7798.0,6731.0,1217.0,10398.0,1102.0,2197.0,6.0,2656.0,1136.0,4962.0,15684.0,976.0,10013.0,11259.0,2980.0,2192.0,8235.0,167.0
hsa-miR-636,39.0,39.0,9.0,82.0,45.0,103.0,39.0,20.0,3.0,65.0,62.0,4.0,110.0,33.0,12.0,16.0,45.0,39.0
hsa-miR-641,8.0,8.0,3.0,8.0,8.0,8.0,5.0,9.0,4.0,7.0,22.0,165.0,14.0,40.0,8.0,7.0,20.0,4.0
hsa-miR-642a-5p,134.0,171.0,12.0,293.0,253.0,183.0,117.0,13.0,27.0,50.0,132.0,94.0,102.0,514.0,429.0,26.0,71.0,117.0
hsa-miR-642b-5p,1.0,1.0,2.0,3.0,2.0,4.0,2.0,2.0,1.0,2.0,2.0,2.0,2.0,10.0,1.0,3.0,2.0,2.0
hsa-miR-6501-5p,39.0,6.0,2.0,6.0,6.0,6.0,6.0,1.0,1.0,6.0,10.0,1.0,11.0,44.0,6.0,1.0,16.0,6.0
hsa-miR-6515-5p,19.0,7.0,11.0,19.0,19.0,72.0,19.0,19.0,11.0,10.0,27.0,163.0,19.0,55.0,19.0,6.0,54.0,19.0
hsa-miR-6516-5p,21.0,21.0,12.0,21.0,21.0,21.0,21.0,10.0,26.0,14.0,10.0,200.0,30.0,32.0,21.0,16.0,68.0,21.0
hsa-miR-652-5p,61.0,658.0,39.0,523.0,245.0,117.0,5.0,53.0,146.0,59.0,325.0,140.0,125.0,332.0,23.0,197.0,1142.0,19.0
hsa-miR-654-5p,63.0,119.0,120.0,939.0,120.0,110.0,5.0,97.0,105.0,124.0,244.0,821.0,164.0,162.0,35.0,243.0,530.0,5.0
hsa-miR-659-5p,19.0,25.5,8.0,25.5,1.0,60.0,25.5,3.0,5.0,44.0,23.0,51.0,28.0,29.0,153.0,3.0,42.0,25.5
hsa-miR-660-5p,129.0,74.0,134.0,122.0,300.0,1.0,6.0,206.0,62.0,556.0,1331.0,12.0,790.0,697.0,17.0,177.0,705.0,62.0
hsa-miR-664a-5p,59.0,579.0,84.0,712.0,67.0,131.0,3.0,88.0,109.0,107.0,645.0,1560.0,183.0,436.0,24.0,80.0,204.0,109.0
hsa-miR-664b-5p,48.0,13.0,1.0,13.0,13.0,13.0,13.0,13.0,13.0,3.0,13.0,29.0,13.0,45.0,3.0,8.0,22.0,13.0
hsa-miR-671-5p,135.0,240.0,94.0,476.0,134.0,121.0,178.0,179.0,205.0,122.0,85.0,177.0,380.0,252.0,476.0,131.0,211.0,178.0
hsa-miR-6734-5p,47.0,37.0,5.0,38.0,34.5,34.5,34.5,2.0,9.0,20.0,13.0,37.0,34.0,1.0,56.0,35.0,82.0,34.5
hsa-miR-6735-5p,26.0,68.0,9.0,47.0,47.0,72.0,47.0,23.0,47.0,47.0,47.0,47.0,50.0,91.0,47.0,2.0,47.0,47.0
hsa-miR-6741-5p,66.0,229.0,51.0,52.5,52.5,123.0,52.5,44.0,54.0,40.0,62.0,200.0,44.0,31.0,17.0,35.0,95.0,52.5
hsa-miR-6750-5p,9.0,54.0,3.0,9.0,9.0,9.0,9.0,8.0,9.0,5.0,10.0,45.0,6.0,16.0,9.0,4.0,17.0,9.0
hsa-miR-6758-5p,5.0,1.0,2.0,5.0,5.0,74.0,5.0,5.0,4.0,7.0,21.0,5.0,5.0,5.0,5.0,1.0,15.0,5.0
hsa-miR-6781-5p,28.0,28.0,10.0,28.0,28.0,28.0,28.0,14.0,4.0,20.0,40.0,28.0,66.0,28.0,60.0,28.0,58.0,28.0
hsa-miR-6805-5p,22.5,22.5,4.0,28.0,22.5,22.5,22.5,22.5,2.0,5.0,25.0,73.0,21.0,22.5,99.0,8.0,24.0,22.5
hsa-miR-6808-5p,7.0,7.0,5.0,7.0,7.0,2.0,7.0,5.0,1.0,15.0,18.0,18.0,13.0,7.0,7.0,9.0,2.0,7.0
hsa-miR-6815-5p,96.0,12.0,10.0,40.0,40.0,40.0,40.0,28.0,8.0,20.0,70.0,40.0,134.0,112.0,108.0,30.0,50.0,40.0
hsa-miR-6842-3p,292.0,123.0,117.0,504.0,250.0,157.0,1.0,156.0,189.0,148.0,255.0,553.0,320.0,489.0,278.0,250.0,743.0,7.0
hsa-miR-6850-5p,19.0,94.0,7.0,142.0,19.0,19.0,19.0,13.0,1.0,10.0,43.0,19.0,19.0,42.0,43.0,9.0,27.0,2.0
hsa-miR-6852-5p,56.0,85.0,10.0,62.0,56.0,7.0,6.0,50.0,145.0,14.0,70.0,2.0,150.0,45.0,56.0,64.0,348.0,56.0
hsa-miR-6855-5p,17.0,2.0,17.0,67.0,17.0,17.0,17.0,2.0,17.0,7.0,17.0,54.0,19.0,35.0,17.0,17.0,17.0,17.0
hsa-miR-6866-5p,9.0,9.0,4.0,9.0,9.0,9.0,9.0,8.0,3.0,10.0,41.0,68.0,12.0,9.0,9.0,5.0,9.0,9.0
hsa-miR-6877-5p,63.0,266.0,5.0,148.0,105.0,38.0,1.0,22.0,10.0,25.0,39.0,38.0,89.0,45.0,38.0,13.0,38.0,2.0
hsa-miR-7-5p,1272.0,2704.0,2484.0,1528.0,1580.0,2484.0,120.0,2237.0,1483.0,4709.0,14225.0,12700.0,9840.0,5805.0,1052.0,3172.0,7976.0,424.0
hsa-miR-7110-3p,8.5,32.0,2.0,8.5,8.5,8.5,8.5,6.0,11.0,2.0,4.0,22.0,20.0,36.0,8.5,8.5,3.0,8.5
hsa-miR-758-5p,10.0,10.0,7.0,49.0,10.0,1.0,3.0,4.0,35.0,5.0,4.0,27.0,13.0,10.0,10.0,21.0,36.0,10.0
hsa-miR-760,211.0,737.0,90.0,1840.0,52.0,1.0,223.0,108.0,223.0,139.0,339.0,169.0,398.0,525.0,709.0,232.0,654.0,9.0
hsa-miR-766-5p,76.0,418.0,76.0,76.0,76.0,4.0,2.0,76.0,248.0,48.0,76.0,76.0,76.0,92.0,2.0,126.0,212.0,8.0
hsa-miR-769-5p,105.0,369.0,54.0,241.0,1.0,1.0,8.0,104.0,111.0,163.0,208.0,4.0,275.0,542.0,210.0,121.0,453.0,9.0
hsa-miR-7706,469.0,650.0,252.0,717.0,169.0,677.0,469.0,359.0,164.0,497.0,519.0,841.0,1305.0,1105.0,148.0,156.0,449.0,13.0
hsa-miR-7854-3p,72.0,130.0,20.0,81.0,81.0,81.0,81.0,48.0,81.0,38.0,100.0,168.0,81.0,90.0,81.0,60.0,90.0,81.0
hsa-miR-7976,73.0,134.0,21.0,32.0,1.0,142.0,50.0,28.0,9.0,68.0,221.0,117.0,175.0,50.0,14.0,27.0,113.0,3.0
hsa-miR-874-5p,57.5,65.0,57.5,57.5,57.5,57.5,57.5,57.5,5.0,76.0,237.0,1.0,101.0,50.0,57.5,38.0,86.0,2.0
hsa-miR-885-5p,32.0,93.0,8.0,31.0,31.0,74.0,31.0,3.0,31.0,31.0,26.0,31.0,69.0,67.0,31.0,12.0,22.0,31.0
hsa-miR-889-5p,19.0,19.0,11.0,19.0,19.0,157.0,5.0,4.0,5.0,19.0,24.0,81.0,28.0,19.0,19.0,14.0,34.0,19.0
hsa-miR-9-5p,34.5,34.5,9.0,34.5,34.5,6.0,18.0,6.0,6.0,34.5,103.0,678.0,51.0,147.0,34.5,12.0,72.0,77.0
hsa-miR-92a-1-5p,61956.0,16032.0,11999.0,21526.0,10314.0,66091.0,256.0,19617.0,6178.0,32723.0,51030.0,7387.0,89963.0,36972.0,24809.0,12866.0,18389.0,2186.0
hsa-miR-92a-2-5p,61684.0,15836.0,11865.0,21531.0,10315.0,65492.0,228.0,19382.0,6007.0,32510.0,50832.0,7069.0,89359.0,36555.0,24745.0,12668.0,18147.0,2135.0
hsa-miR-93-5p,198.0,1039.0,322.0,526.0,397.0,702.0,30.0,428.0,280.0,1084.0,2154.0,1764.0,1024.0,489.0,216.0,298.0,891.0,115.0
hsa-miR-939-5p,302.0,510.0,56.0,136.0,66.0,506.0,2.0,64.0,66.0,34.0,108.0,4.0,50.0,66.0,486.0,42.0,144.0,66.0
hsa-miR-942-5p,266.0,468.0,46.0,86.0,192.0,328.0,1.0,75.0,50.0,192.0,376.0,806.0,354.0,254.0,140.0,144.0,454.0,13.0
hsa-miR-95-5p,19.0,19.0,11.0,19.0,19.0,19.0,2.0,5.0,2.0,93.0,1016.0,21.0,29.0,94.0,19.0,15.0,34.0,9.0
hsa-miR-96-5p,88.0,68.0,68.0,68.0,68.0,68.0,68.0,68.0,68.0,68.0,57.0,163.0,123.0,39.0,68.0,17.0,385.0,13.0
hsa-miR-98-5p,131.0,1117.0,95.0,1416.0,158.0,629.0,33.0,138.0,1039.0,70.0,407.0,3289.0,423.0,621.0,1077.0,559.0,941.0,39.0
hsa-miR-99a-5p,7043.0,13781.0,7369.0,12201.0,9235.0,10766.0,970.0,7073.0,4429.0,68419.0,536451.0,45365.0,50611.0,79485.0,9584.0,16425.0,48314.0,1344.0
