Geneid,GSM6202891,GSM6202893,GSM6202895,GSM6202897,GSM6202899,GSM6202901,GSM6202903,GSM6202905,GSM6202907,GSM6202909,GSM6202911,CCh1,CCh2,CCh3,CCh4,CCh5,CCh6
hsa-miR-486-5p,100826,81052,76944,41312,64616,39024,21942,392758,61168,85046,66750,3218151,1109748,761772,606730,1298594,26432
hsa-miR-423-5p,30637,34572,28138,21481,15528,25190,9028,407935,42466,56405,43318,395412,560775,388338,193207,558014,10290
hsa-miR-320a-5p,0,0,0,0,0,0,0,0,0,0,0,391848,338004,197618,57975,157512,3742
hsa-miR-122-5p,31160,138958,114110,44780,49734,50780,22160,2169532,19644,99066,4856,351674,504298,45667,131852,345920,519
hsa-miR-22-5p,205,383,236,207,160,262,45,3169,432,733,666,128834,129630,43074,54316,160580,3566
hsa-miR-148a-5p,62,79,51,27,47,77,28,408,47,206,120,93688,100292,13173,38977,194172,6484
hsa-miR-16-5p,1868642,971980,1157478,644280,1092352,789314,851944,7919918,1097522,1147031,817969,91130,40905,31749,14548,48240,439
hsa-miR-92a-1-5p,1,2,0,7,5,0,0,29,0,6,14,89963,36972,24809,12866,18389,2186
hsa-miR-92a-2-5p,0,2,0,0,0,0,0,0,0,0,0,89359,36555,24745,12668,18147,2135
hsa-let-7i-5p,252579,262570,203230,150022,110183,176984,123675,2366891,151596,295589,252689,61843,68971,49531,51845,130776,1961
hsa-miR-99a-5p,85,105,38,40,51,43,22,1343,15,266,87,50611,79485,9584,16425,48314,1344
hsa-miR-25-5p,91,99,102,7,27,19,22,1021,38,114,93,36945,19505,6875,10312,28543,2814
hsa-let-7a-5p,406634,390015,344912,287551,253348,318432,177264,4023951,436253,621519,447277,36176,43326,21820,19963,33538,3372
hsa-miR-185-5p,14438,27938,16363,12398,14416,12597,8084,172761,12816,22133,21823,30703,13733,4150,4217,13912,548
hsa-miR-378a-5p,3,19,0,9,6,9,2,169,12,6,30,28914,59324,19099,6859,35287,505
hsa-miR-30d-5p,68275,93997,74358,49394,39390,49521,24825,532915,37531,67696,61755,27855,22492,9675,8519,23932,398
hsa-miR-24-2-5p,0,16,7,5,1,0,5,28,16,12,5,27614,34258,5224,13806,49740,1226
hsa-miR-26a-5p,169042,212116,201660,143324,142625,145136,43251,1280546,120320,224548,197916,24235,38242,26246,12053,36404,7861
hsa-miR-142-5p,54795,54937,53283,46610,48775,47348,118203,637626,43430,69830,73076,14559,22580,22384,0,26654,473
hsa-miR-24-1-5p,0,0,0,7,0,0,0,24,0,0,0,13570,16308,2429,6666,24110,607
hsa-miR-21-5p,196771,265585,151433,150178,100451,135151,56986,2023232,171662,237660,238729,13357,19170,10669,10012,34737,1069
hsa-miR-484,753,986,920,710,811,841,137,7879,770,2337,1845,10740,7298,2538,2382,8146,370
hsa-miR-192-5p,2724,4904,5155,2391,2256,2398,2396,45711,1695,3146,1503,10254,9220,765,5457,10023,249
hsa-miR-10a-5p,3320,2101,1303,936,1350,884,919,10143,1770,2678,2056,10238,10313,3097,4599,9935,302
hsa-miR-181a-5p,4725,1853,5717,3446,3186,3034,637,21341,4401,18175,9438,10058,15552,3498,6290,26099,748
hsa-miR-629-5p,1208,2066,1380,902,767,987,604,19148,1281,1637,1655,10013,11259,2980,2192,8235,167
hsa-miR-128-1-5p,14,17,14,14,6,9,10,150,20,4,12,9906,8453,3705,2603,4914,253
hsa-miR-7-5p,1835,2611,1428,1278,1098,1028,2556,23677,1190,2147,1736,9840,5805,1052,3172,7976,424
hsa-miR-10b-5p,765,684,853,600,800,553,366,5091,951,806,378,9542,11232,4613,3963,9716,617
hsa-miR-128-2-5p,0,0,0,0,0,0,0,0,0,0,0,8954,7437,2901,2136,4149,197
hsa-miR-27a-5p,6,23,20,24,9,11,5,104,14,4,14,8938,22058,3370,2898,20486,796
hsa-miR-328-5p,0,0,0,0,0,0,0,0,0,0,0,8561,4866,3584,2507,1124,111
hsa-miR-146a-5p,167218,153110,121194,78388,72537,75688,155819,1685586,81207,135050,160446,8416,5832,2912,5844,21107,923
hsa-let-7f-5p,471692,504976,382342,293186,259662,283499,315211,5184050,360188,620055,491094,7319,9026,6832,2656,5977,1517
hsa-let-7g-5p,34306,37823,32558,27747,27525,28654,22420,335460,47980,60930,47744,6745,5935,2920,4728,14714,1000
hsa-miR-320d,595,2858,429,385,241,443,83,4673,2682,1168,426,6598,23849,9305,2088,5714,0
hsa-miR-140-5p,1932,2170,1699,1510,960,2034,1086,19749,2586,2921,3080,6473,5003,1660,2474,12893,571
hsa-miR-101-2-5p,0,7,6,2,1,0,0,25,8,0,2,6314,3447,1055,3742,11465,105
hsa-miR-101-5p,2,6,10,0,15,10,16,94,69,25,5,6281,3309,1055,3658,11385,102
hsa-miR-3158-5p,0,0,0,0,0,0,0,0,0,0,0,5798,2904,3952,1872,3882,114
hsa-miR-103a-1-5p,0,0,0,0,0,0,0,1,0,0,0,5532,3338,1843,1759,7050,238
hsa-miR-103a-2-5p,7,2,7,0,0,0,0,23,0,0,1,5532,3338,1843,1759,7050,240
hsa-miR-186-5p,4870,5797,5613,4554,4047,4686,5390,45776,3900,7307,7046,5233,2935,573,2549,10015,294
hsa-miR-191-5p,25791,82239,27001,28259,18187,24374,57332,376871,13170,48388,51030,5118,5761,1386,3579,12953,763
hsa-miR-532-5p,536,744,391,302,263,253,585,5837,232,399,477,4806,2802,1055,1664,5262,152
hsa-miR-363-5p,0,1,0,0,0,0,0,23,10,0,0,4598,5044,799,1238,8313,314
hsa-miR-222-5p,0,10,11,0,10,4,5,92,9,3,6,4551,4360,1786,2587,6340,112
hsa-miR-193a-5p,84,347,122,87,63,60,30,5317,108,158,78,4485,11862,2304,1417,5927,20
hsa-miR-1180-5p,0,0,0,0,0,0,0,0,0,0,0,4194,3296,1510,1017,2864,87
hsa-miR-125a-5p,12916,10078,7607,6684,6835,6201,12226,70869,7185,10361,11100,3843,2852,1077,1226,919,50
hsa-miR-221-5p,354,731,815,507,441,474,138,4921,565,990,812,3556,5084,1027,2445,7404,603
hsa-miR-106b-5p,697,489,722,575,670,592,254,4474,1219,1403,900,3522,3344,1129,1282,5082,250
hsa-miR-148b-5p,173,153,248,206,195,212,121,1914,171,317,230,3444,2807,481,1701,7824,369
hsa-miR-125b-5p,1334,1680,1010,449,702,554,859,8558,506,1278,705,3314,6579,423,1600,1637,82
hsa-miR-27b-5p,12,44,26,29,35,41,11,539,77,108,73,3058,4464,1036,806,4538,221
hsa-miR-501-5p,0,2,2,4,5,0,0,47,0,0,5,3049,2844,725,566,2231,43
hsa-miR-30e-5p,60258,65386,73003,45638,46454,47137,36832,566489,44347,59419,60608,2928,2861,1745,1104,4280,134
hsa-miR-139-5p,341,1537,649,883,333,1039,416,12440,982,708,1045,2915,2627,1275,789,2211,184
hsa-let-7c-5p,6070,4350,3871,2676,2612,2876,2164,39364,4233,7060,3517,2807,3767,1413,1340,2504,153
hsa-miR-199a-5p,3636,5579,4539,3443,2344,5383,4103,48774,5786,8675,8369,2374,4170,1060,2279,8430,1318
hsa-miR-146b-5p,5393,8554,4429,3760,3109,3303,2592,53177,2199,4142,5236,2318,2850,1001,1972,6470,140
hsa-miR-143-5p,142,60,57,64,40,61,162,749,350,118,127,2098,4733,1221,2263,7710,132
hsa-miR-100-5p,38,181,7,9,4,10,0,541,69,69,71,2038,4145,237,796,3898,58
hsa-miR-28-5p,343,451,463,382,261,385,98,4034,814,1711,1200,1992,2566,515,1494,5262,128
hsa-miR-378i,446,616,441,379,423,231,203,8966,389,793,546,1989,3817,1996,466,2473,0
hsa-miR-409-5p,222,100,76,32,33,36,91,712,122,36,85,1986,1234,1532,1755,1795,22
hsa-miR-342-5p,48,53,48,51,44,21,40,630,73,177,87,1904,2790,803,1219,4594,0
hsa-miR-15b-5p,3370,2796,2360,1882,2774,1738,2408,20568,3286,3425,3237,1716,0,404,341,0,0
hsa-miR-584-5p,16847,21828,15594,13620,7465,14988,5247,196763,19344,28867,17536,1669,888,538,852,2185,54
hsa-miR-144-5p,909,682,1058,450,1264,630,560,3514,618,662,586,1582,1797,0,344,3712,35
hsa-miR-339-5p,593,2115,699,423,301,525,480,8743,503,890,1764,1485,2219,553,612,2865,54
hsa-miR-150-5p,2409,1252,973,1117,2325,1058,1518,5820,978,1450,471,1437,2146,376,263,895,117
hsa-miR-223-5p,5181,6222,3983,2809,2183,2619,7311,52763,2509,4599,3833,1344,9545,2081,1251,4675,0
hsa-miR-550a-3-5p,12,4,5,0,9,9,6,56,3,9,13,1334,703,328,296,884,15
hsa-miR-625-5p,451,1876,454,1607,283,1645,467,19549,825,2566,871,1184,1588,230,570,234,68
hsa-miR-194-5p,1889,2069,1934,1241,1427,1004,828,36885,1419,1496,649,1129,1137,238,284,1011,44
hsa-miR-26b-5p,182359,235841,216440,130182,117802,135964,136057,1446468,140855,181645,198325,1117,1166,458,429,1311,336
hsa-miR-4433b-5p,1423,2606,2726,2396,1313,2159,443,12091,1173,1727,2169,1105,1938,5572,1326,5708,62
hsa-miR-378c,444,650,448,332,434,251,226,9163,389,788,559,1071,2685,0,233,1325,0
hsa-miR-375-5p,0,0,0,0,0,0,0,0,0,0,0,1035,2246,407,912,1249,3
hsa-miR-93-5p,46861,49949,50203,31625,34716,29515,69127,428682,27573,44360,44917,1024,489,216,298,891,115
hsa-miR-181b-5p,1028,622,1022,663,408,734,182,5652,1418,3383,1912,974,1884,172,718,3489,86
hsa-miR-23a-5p,17,30,16,23,5,23,19,356,12,63,53,942,0,0,512,1746,380
hsa-miR-1843,290,433,410,324,255,344,110,3591,259,570,564,874,972,82,587,1892,44
hsa-miR-134-5p,7351,2259,2183,484,429,603,3789,28328,4282,1402,2505,868,958,280,586,1469,14
hsa-miR-127-5p,85,26,19,11,0,0,52,264,12,14,18,841,1470,439,1138,2135,23
hsa-miR-130b-5p,300,415,549,258,429,377,69,4012,459,1039,868,792,316,213,254,482,12
hsa-miR-660-5p,406,485,400,283,277,340,330,4756,291,413,377,790,697,17,177,705,62
hsa-miR-424-5p,126,410,565,661,573,582,621,5241,774,139,413,765,486,0,221,857,22
hsa-miR-345-5p,98,210,150,89,76,92,72,1353,166,162,209,749,1351,241,238,1492,32
hsa-miR-370-5p,16,5,6,3,0,8,27,0,0,8,8,688,1091,1306,804,1394,15
hsa-miR-199b-5p,103,169,68,78,94,125,174,1151,85,83,141,677,1196,439,580,2381,635
hsa-miR-183-5p,1849,1816,888,432,847,467,491,4107,749,1508,440,673,414,295,63,1151,32
hsa-let-7e-5p,15241,8709,8815,9226,7722,10259,10405,119889,22192,20543,18218,666,954,342,527,491,29
hsa-miR-29a-5p,20,31,12,0,33,27,4,189,1,67,27,646,1317,865,301,2050,37
hsa-miR-19b-1-5p,11,11,19,8,2,8,0,117,8,63,43,612,429,0,282,1031,24
hsa-miR-19b-2-5p,0,0,0,0,0,0,0,0,0,0,0,612,429,0,280,1026,24
hsa-miR-17-5p,4902,6749,5941,6233,3988,6898,4192,76902,9319,16625,14200,597,443,0,469,1163,102
hsa-miR-1908-5p,330,645,431,290,310,196,179,4265,409,336,612,550,1895,164,513,892,10
hsa-miR-30c-5p,1691,3640,2484,2579,2497,2278,4154,30920,2538,5000,5114,530,731,244,328,808,493
hsa-miR-20a-5p,12606,16939,14959,14700,14695,15349,5597,156723,17489,27085,28116,518,335,325,212,539,38
hsa-miR-483-5p,257,529,428,173,199,241,91,18410,89,285,87,508,4590,1104,351,1101,0
hsa-miR-210-5p,2,1,0,0,1,0,0,0,0,0,1,504,374,100,122,646,8
hsa-miR-182-5p,5234,2679,2565,858,1931,1124,1252,7427,1406,1765,1202,492,277,250,52,1448,66
hsa-miR-193b-5p,8,61,29,17,13,1,3,2065,17,33,7,489,1573,169,191,409,0
hsa-miR-361-5p,2484,5160,3598,2858,2337,2580,1609,35511,2411,4604,5622,480,1549,319,823,2821,0
hsa-miR-18a-5p,1509,2077,1980,1934,1220,2265,607,16584,2286,3287,3111,441,333,67,76,135,0
hsa-miR-98-5p,6480,7675,6091,6661,5547,7170,2074,80968,10850,14418,9706,423,621,1077,559,941,39
hsa-miR-19a-5p,3,3,3,0,0,0,0,0,0,5,2,421,232,0,204,664,9
hsa-miR-432-5p,30548,7680,8173,2097,923,2193,11440,84061,4815,6277,6892,421,287,235,373,454,0
hsa-miR-330-5p,19,80,58,74,50,86,10,694,99,146,169,420,769,217,312,676,31
hsa-miR-500a-5p,3,2,0,7,0,0,0,0,0,8,4,413,355,13,63,328,23
hsa-miR-11401,14,2,9,10,0,9,10,0,0,3,5,398,182,15,80,355,8
hsa-miR-671-5p,353,643,283,258,247,260,53,3847,454,836,388,380,252,476,131,211,0
hsa-miR-1228-5p,0,0,0,0,0,4,0,0,2,0,0,370,1441,1375,124,140,0
hsa-miR-942-5p,615,840,646,472,264,411,322,6258,310,610,646,354,254,140,144,454,13
hsa-miR-502-5p,0,0,0,2,0,0,0,0,0,0,0,353,323,25,53,317,23
hsa-miR-215-5p,128,138,129,93,128,166,56,1426,288,149,90,351,704,118,293,434,10
hsa-miR-511-5p,0,2,0,0,0,5,9,0,4,11,7,344,898,84,199,300,12
hsa-miR-382-5p,22079,5210,6682,1616,1041,2221,6978,43713,10112,2928,5904,341,157,91,338,621,10
hsa-miR-485-5p,572,119,196,38,32,63,94,1501,266,74,140,316,431,77,223,228,0
hsa-miR-1292-5p,36,56,39,52,39,41,21,605,53,96,47,287,289,53,69,235,7
hsa-miR-548av-5p,0,0,0,0,0,0,0,0,0,0,0,280,128,0,45,125,24
hsa-miR-152-5p,4,0,1,6,1,5,0,16,0,0,0,276,236,100,131,1073,50
hsa-miR-769-5p,174,170,269,119,113,149,120,1857,100,227,253,275,542,210,121,453,9
hsa-miR-145-5p,142,165,95,210,108,110,183,1366,400,290,484,273,644,289,182,580,18
hsa-miR-505-5p,148,207,144,227,100,188,181,2408,253,564,398,273,128,203,87,218,16
hsa-miR-589-5p,102,181,105,99,75,88,109,1910,46,155,215,259,136,131,60,323,7
hsa-miR-340-5p,6591,6259,7100,6390,7732,6550,7477,67090,5001,8693,7867,256,532,265,229,629,28
hsa-miR-331-5p,3,16,3,12,16,15,34,46,5,19,13,252,123,77,59,167,12
hsa-miR-4429,3,19,3,3,2,4,1,49,26,12,2,242,280,162,24,81,0
hsa-miR-1301-5p,0,0,0,0,0,0,0,0,0,0,0,234,353,89,212,409,6
hsa-miR-224-5p,5825,3086,5682,11846,3500,13930,5882,28370,4044,1753,4703,231,191,0,110,353,20
hsa-miR-129-5p,5,5,3,0,5,2,7,26,0,0,4,212,94,197,60,102,10
hsa-miR-204-5p,5,52,60,123,12,102,21,320,61,26,33,208,650,233,181,314,4
hsa-miR-1304-5p,0,6,0,0,0,0,0,0,0,0,8,193,0,0,49,160,0
hsa-miR-664a-5p,1462,1379,1123,674,479,711,895,13080,633,1280,1147,183,436,24,80,204,0
hsa-miR-3913-5p,47,31,21,14,5,23,27,131,24,12,30,182,166,0,128,426,32
hsa-miR-4446-5p,0,4,0,4,0,0,0,30,9,9,5,176,519,144,210,389,4
hsa-miR-7976,30,29,35,13,43,18,41,162,34,48,26,175,0,14,27,113,3
hsa-miR-654-5p,5,0,0,0,0,0,0,0,0,3,2,164,162,35,243,530,5
hsa-miR-548au-5p,92,179,177,83,151,97,45,1271,139,244,152,152,156,0,0,211,14
hsa-miR-6852-5p,224,452,331,278,203,191,201,3830,172,405,486,150,45,0,64,348,0
hsa-miR-195-5p,480,389,213,238,159,216,109,2343,287,417,159,139,66,0,22,77,4
hsa-miR-6815-5p,0,0,0,0,1,0,0,0,0,0,0,134,112,108,30,50,0
hsa-miR-652-5p,1,12,5,16,1,11,7,157,14,44,8,125,332,23,197,1142,19
hsa-miR-96-5p,166,85,39,29,84,24,17,486,30,119,38,123,39,0,17,385,13
hsa-miR-197-5p,11,20,13,6,10,35,14,271,26,77,11,119,116,49,59,45,47
hsa-miR-381-5p,0,0,2,0,0,0,0,18,3,0,3,114,147,0,242,609,13
hsa-miR-4467,2,2,0,3,0,0,0,0,6,0,0,112,0,0,0,53,0
hsa-miR-362-5p,3,45,16,11,5,16,4,366,43,37,78,110,85,0,17,9,0
hsa-miR-200a-5p,0,0,7,15,0,0,0,0,10,0,0,109,160,0,66,135,0
hsa-miR-323b-5p,0,0,0,0,0,0,0,0,0,0,0,107,0,0,14,71,7
hsa-miR-338-5p,0,5,0,3,0,9,0,115,0,9,6,107,266,0,73,156,15
hsa-miR-4746-5p,2,1,12,0,2,2,9,0,0,3,5,106,28,0,12,96,0
hsa-miR-155-5p,7346,8688,6935,3940,3907,4070,2445,55669,4194,8567,5834,103,288,163,41,104,27
hsa-miR-493-5p,1996,582,608,141,106,153,167,3958,318,338,498,102,212,114,159,431,11
hsa-miR-642a-5p,1,2,0,5,0,0,0,28,5,0,0,102,514,429,26,71,0
hsa-miR-874-5p,1,2,3,0,9,0,0,10,0,1,5,101,50,0,38,86,2
hsa-miR-1976,5,0,2,0,0,0,0,29,10,0,0,98,184,0,24,64,0
hsa-miR-503-5p,33,204,156,150,96,169,149,2519,157,27,130,98,64,0,44,236,0
hsa-miR-450a-5p,0,8,2,10,12,9,0,153,7,3,0,96,399,0,102,368,34
hsa-miR-130a-5p,0,3,4,6,0,0,0,29,0,3,0,94,145,148,90,312,19
hsa-miR-6877-5p,8,16,16,4,7,0,3,68,10,17,23,89,45,0,13,38,2
hsa-miR-133a-5p,0,0,0,0,0,0,0,27,0,0,0,84,0,0,66,482,70
hsa-miR-181d-5p,129,79,209,74,80,91,31,571,79,654,239,82,348,0,156,416,8
hsa-miR-3120-5p,3,3,0,0,0,0,2,21,0,0,3,82,96,0,41,0,0
hsa-miR-4665-5p,6,8,14,5,2,0,12,158,9,0,6,80,107,4,25,18,0
hsa-miR-32-5p,3005,1889,1953,1352,1758,1741,552,14279,2429,3494,3425,79,159,0,62,233,0
hsa-miR-106a-5p,490,618,494,551,466,494,210,5797,629,1165,1018,77,231,0,17,108,5
hsa-miR-20b-5p,689,1171,999,702,705,715,853,10851,606,814,931,76,30,62,44,121,12
hsa-miR-324-5p,504,696,511,347,327,444,457,3921,540,722,661,76,84,0,27,77,0
hsa-miR-610,3,8,4,5,0,3,7,0,10,6,9,76,111,174,13,48,0
hsa-miR-11400,557,948,1239,694,459,749,932,8333,551,937,1230,75,390,72,26,152,5
hsa-miR-335-5p,11350,13634,3983,7746,7459,5831,22737,88811,7380,5963,10586,74,139,217,75,125,28
hsa-miR-615-5p,0,0,0,0,0,0,0,0,0,0,0,72,23,1,35,6,0
hsa-miR-15a-5p,2870,1685,1817,2024,2540,1534,1712,17211,2642,3249,2719,70,3,0,36,178,10
hsa-miR-885-5p,3,79,47,15,35,19,0,876,11,27,7,69,67,0,12,22,0
hsa-miR-1468-5p,74,64,34,19,12,25,39,573,38,58,36,67,137,53,54,38,0
hsa-miR-218-5p,22,44,29,11,98,5,0,52,5,12,0,66,111,0,48,171,9
hsa-miR-4444,0,0,0,0,0,0,0,0,0,0,0,66,0,0,8,0,0
hsa-miR-6781-5p,0,1,0,0,0,0,3,0,0,0,0,66,0,60,0,58,0
hsa-miR-433-5p,0,0,0,0,0,0,0,0,0,0,0,64,41,0,60,137,0
hsa-miR-1250-5p,15,50,62,20,52,41,33,503,10,33,69,62,56,0,9,70,0
hsa-miR-211-5p,5,0,3,0,2,0,0,0,2,4,3,60,0,0,0,0,0
hsa-miR-3177-5p,5,0,0,0,0,0,0,0,0,0,0,60,76,0,14,78,7
hsa-miR-378b,0,1,0,0,1,3,0,1,0,2,0,60,18,0,0,0,0
hsa-miR-514a-5p,0,1,0,0,0,0,0,8,0,1,0,60,0,111,3,3,0
hsa-miR-3614-5p,0,7,0,2,2,0,0,59,0,3,0,58,0,0,3,29,0
hsa-miR-4474-5p,0,0,1,0,0,0,0,0,0,0,0,55,0,0,3,11,0
hsa-miR-3688-5p,0,2,0,0,0,0,0,0,0,0,0,52,0,108,8,24,0
hsa-miR-9-5p,100,297,204,164,80,178,153,4419,129,191,212,51,147,0,12,72,77
hsa-miR-6735-5p,22,17,12,4,1,19,0,219,8,36,5,50,91,0,2,0,0
hsa-miR-939-5p,2,4,5,1,7,0,0,10,0,1,4,50,0,486,42,144,0
hsa-miR-7704,0,0,0,0,0,0,0,0,0,0,0,48,0,0,0,0,316
hsa-miR-30b-5p,309,745,575,588,528,456,929,5015,797,1161,1090,46,63,0,45,162,329
hsa-miR-6837-5p,4,0,0,0,0,0,0,0,0,0,0,46,31,0,1,13,0
hsa-miR-196b-5p,2084,1784,1079,747,809,740,595,12462,1376,2284,1478,44,27,0,42,94,0
hsa-miR-4466,0,0,0,0,0,0,0,0,0,1,1,44,0,0,0,0,0
hsa-miR-548aq-3p,38,50,43,32,25,42,39,402,37,90,65,44,11,0,0,46,0
hsa-miR-6741-5p,10,47,25,22,13,23,26,266,28,22,35,44,31,17,35,95,0
hsa-miR-3187-5p,4,0,0,3,0,6,0,40,0,0,3,43,17,0,12,12,0
hsa-miR-3150b-5p,0,0,0,0,0,0,0,0,0,0,0,42,58,0,4,23,0
hsa-miR-3928-5p,0,3,0,0,0,0,0,1,0,0,0,42,0,0,11,0,3
hsa-miR-628-5p,728,816,818,355,556,374,228,5160,343,922,747,42,64,0,18,66,0
hsa-miR-10527-5p,55,32,33,29,38,19,0,455,66,78,34,41,103,0,26,63,8
hsa-miR-1260b,157,306,108,140,112,126,72,1596,210,434,282,40,60,98,17,69,0
hsa-miR-214-5p,0,3,8,0,6,0,0,0,9,14,5,40,62,62,40,58,2
hsa-miR-5189-5p,12,15,15,14,8,15,0,233,6,43,23,40,90,0,12,51,0
hsa-miR-3150a-5p,0,2,3,7,7,0,8,34,0,0,7,38,40,0,4,1,0
hsa-miR-6881-5p,2,0,0,0,0,0,0,0,0,0,0,38,0,0,0,0,0
hsa-miR-29b-2-5p,15,8,11,11,11,8,28,46,28,45,8,37,0,0,21,83,6
hsa-miR-499a-5p,18,21,29,16,28,4,25,221,65,21,48,37,0,0,20,111,0
hsa-miR-132-5p,7,28,19,23,14,0,0,145,10,19,9,36,38,29,20,0,7
hsa-miR-3173-5p,129,127,185,84,55,145,77,955,176,116,92,36,85,0,0,0,0
hsa-miR-5589-5p,0,3,5,0,0,0,0,32,0,3,0,36,0,0,1,9,0
hsa-miR-574-5p,1195,590,258,119,159,104,592,13495,785,1244,806,36,79,0,55,130,9
hsa-miR-200b-5p,0,4,4,0,0,3,0,51,0,4,1,34,31,24,18,90,0
hsa-miR-5009-5p,9,12,7,11,0,0,3,16,7,5,8,34,0,0,4,0,0
hsa-miR-6734-5p,52,38,55,15,5,31,42,464,61,73,72,34,1,56,35,82,0
hsa-miR-4661-5p,0,5,0,0,0,0,0,30,0,0,0,33,0,0,10,22,0
hsa-miR-212-5p,4,0,0,0,0,4,0,1,0,7,2,32,0,0,6,10,0
hsa-miR-3157-5p,10,14,22,14,5,10,30,210,26,10,16,32,43,0,17,84,0
hsa-miR-412-5p,328,61,9,28,24,22,29,766,194,3,9,32,0,2,5,21,0
hsa-miR-3140-5p,0,0,0,0,0,0,0,37,0,0,0,31,33,0,0,3,0
hsa-miR-374a-5p,4983,5568,7529,7160,5748,6113,2355,61196,7202,14028,11297,31,132,85,15,42,12
hsa-miR-490-5p,0,8,0,11,0,20,1,23,0,14,6,31,0,32,0,26,0
hsa-miR-548l,27,36,43,11,42,32,10,414,5,117,16,31,0,0,4,0,0
hsa-miR-196a-5p,48,20,14,16,10,31,7,142,10,46,18,30,0,0,0,17,0
hsa-miR-296-5p,13,39,25,8,9,7,7,266,10,10,19,30,15,0,4,69,5
hsa-miR-597-5p,1,0,0,0,0,0,3,0,0,0,0,30,58,0,16,48,0
hsa-miR-6516-5p,24,15,13,26,20,7,0,127,19,39,29,30,32,0,16,68,0
hsa-miR-3143,30,32,13,19,30,29,34,144,27,8,16,29,0,0,2,19,0
hsa-miR-431-5p,10360,2462,3747,841,521,1235,640,19373,2254,1975,3037,29,81,0,30,82,2
hsa-miR-95-5p,0,14,0,0,5,0,0,28,0,0,0,29,94,0,15,34,9
hsa-miR-190b-5p,409,410,314,247,207,259,355,4935,449,540,439,28,0,0,9,36,0
hsa-miR-329-5p,85,6,32,19,2,2,26,132,5,7,16,28,2,0,10,128,10
hsa-miR-659-5p,3,16,0,7,9,2,0,49,0,12,13,28,29,153,3,42,0
hsa-miR-889-5p,0,8,0,9,0,0,0,29,0,0,4,28,0,0,14,34,0
hsa-miR-3064-5p,36,47,41,15,23,40,19,536,31,61,53,27,27,0,15,0,0
hsa-miR-3685,0,0,0,0,0,0,0,0,0,0,0,27,0,0,1,0,0
hsa-miR-379-5p,12305,2793,2888,901,505,982,3331,32630,3106,1612,2399,27,45,0,33,56,6
hsa-miR-4742-5p,7,10,3,11,2,0,0,17,5,3,7,27,0,0,14,8,0
hsa-miR-6821-5p,0,5,0,0,0,5,0,0,0,0,0,26,0,0,10,4,0
hsa-miR-136-5p,478,122,214,74,29,92,67,1223,261,143,313,25,15,0,0,0,0
hsa-miR-141-5p,20,9,18,0,11,3,0,37,7,31,4,24,44,0,0,11,0
hsa-miR-2355-5p,17,26,11,12,11,19,26,212,0,13,35,24,47,0,33,81,4
hsa-miR-3124-5p,27,37,15,20,6,10,12,202,4,8,15,24,69,0,4,18,0
hsa-miR-3127-5p,3,18,9,3,4,21,10,370,17,47,13,24,94,0,8,19,0
hsa-miR-323a-5p,7,0,0,0,0,0,0,22,0,12,0,24,63,52,19,57,3
hsa-miR-3690,0,0,0,0,0,0,0,0,0,0,0,24,508,0,24,212,0
hsa-miR-4677-5p,1,15,9,14,6,21,0,62,5,6,7,24,20,0,12,66,0
hsa-miR-548ah-5p,0,0,5,0,0,0,0,0,0,0,0,24,0,0,0,0,0
hsa-miR-8072,2,0,4,5,0,0,0,85,0,3,8,24,50,39,0,1,0
hsa-miR-3190-5p,0,0,0,0,0,0,0,0,0,3,0,23,76,0,8,17,0
hsa-miR-3940-5p,0,0,0,0,0,0,0,0,0,0,0,23,0,0,2,0,2
hsa-miR-411-5p,4204,885,1088,327,269,301,1994,12087,811,431,895,23,0,0,14,56,6
hsa-miR-504-5p,16,15,16,7,13,17,11,146,0,12,20,23,38,0,10,0,0
hsa-miR-6726-5p,2,0,0,0,0,0,3,0,0,0,0,23,0,0,0,6,0
hsa-miR-374b-5p,1001,1498,1249,1330,908,1015,454,13010,1296,3257,2565,22,32,0,12,19,4
hsa-miR-3922-5p,0,0,0,0,0,0,0,0,0,0,0,22,0,0,2,25,0
hsa-miR-3691-5p,0,4,0,0,0,0,0,52,0,6,2,21,0,24,0,9,2
hsa-miR-4647,0,0,0,0,0,0,0,0,0,0,0,21,0,0,3,23,0
hsa-miR-550b-2-5p,0,0,0,0,5,0,0,26,0,0,0,21,18,0,18,48,0
hsa-miR-6805-5p,15,3,6,1,1,9,4,100,6,20,5,21,0,99,8,24,0
hsa-miR-6878-5p,0,0,0,0,0,0,0,0,0,0,0,21,0,0,0,0,0
hsa-miR-4697-5p,0,0,0,0,0,0,0,0,0,0,0,20,0,0,0,0,0
hsa-miR-4755-5p,6,0,4,0,1,4,0,77,0,0,2,20,184,58,39,83,0
hsa-miR-6513-5p,0,15,27,4,4,2,11,161,11,18,15,20,29,0,4,11,0
hsa-miR-6783-5p,4,6,2,0,0,5,0,25,0,5,0,20,0,0,0,0,0
hsa-miR-7110-5p,0,0,0,0,0,0,0,16,0,0,0,20,36,0,0,3,0
hsa-miR-1-5p,0,0,0,0,0,0,0,0,0,0,0,19,0,122,4,17,13
hsa-miR-4511,16,16,8,12,3,0,8,112,6,3,25,19,0,0,4,2,0
hsa-miR-487b-5p,43,3,6,10,1,3,23,144,21,12,5,19,0,0,6,8,0
hsa-miR-651-5p,71,129,65,53,54,96,56,462,23,70,55,19,0,0,6,67,0
hsa-miR-6733-5p,5,0,0,0,0,0,0,0,0,0,0,19,0,0,1,0,0
hsa-miR-6850-5p,2,3,3,0,3,0,1,45,0,5,1,19,42,43,9,27,2
hsa-miR-6855-5p,2,0,0,0,0,0,0,0,0,5,2,19,35,0,0,17,0
hsa-miR-1284,6,6,18,17,12,7,11,0,0,7,0,18,0,0,1,7,0
hsa-miR-3130-5p,6,1,0,8,4,0,0,0,0,0,0,18,112,0,8,0,0
hsa-miR-337-5p,1217,487,423,229,111,265,956,5442,504,532,854,18,0,0,4,3,0
hsa-miR-4738-5p,0,0,0,0,0,0,0,0,0,0,0,18,53,0,4,19,0
hsa-miR-4750-5p,43,33,38,33,11,27,27,295,39,41,43,18,0,0,9,5,0
hsa-miR-3679-5p,107,164,98,92,45,90,74,3396,101,167,176,17,15,91,3,84,0
hsa-miR-4422,0,5,4,3,0,0,0,0,0,0,0,17,0,0,6,0,0
hsa-miR-624-5p,7,21,18,13,14,3,17,170,0,4,15,17,0,60,3,2,0
hsa-miR-4726-5p,1,0,0,0,0,0,0,0,9,4,0,16,0,234,10,16,0
hsa-miR-616-5p,0,4,0,0,0,0,0,20,0,0,3,16,0,0,0,0,0
hsa-miR-29b-1-5p,4,3,7,10,4,5,12,137,6,14,8,14,52,0,15,63,3
hsa-miR-3135a,1,0,6,7,0,0,0,22,1,7,3,14,0,0,0,0,0
hsa-miR-3199,4,3,0,0,0,0,0,0,14,5,4,14,84,308,0,0,0
hsa-miR-4660,0,5,0,8,0,0,8,0,0,0,0,14,0,0,0,4,0
hsa-miR-4667-5p,0,0,0,0,0,0,5,0,9,0,1,14,26,24,2,18,0
hsa-miR-4690-5p,0,3,0,0,0,0,0,0,0,0,0,14,40,0,1,3,0
hsa-miR-641,78,114,34,100,44,56,19,1088,51,260,84,14,40,0,7,20,4
hsa-miR-676-5p,0,0,0,0,0,0,0,0,0,0,0,14,0,0,0,0,0
hsa-miR-6819-5p,2,5,0,0,0,0,0,5,3,0,13,14,46,0,6,0,0
hsa-miR-1288-5p,0,0,0,0,0,0,0,0,0,0,0,13,0,0,12,8,0
hsa-miR-3151-5p,0,0,0,0,0,0,0,0,0,0,0,13,9,1,0,0,0
hsa-miR-580-5p,0,0,0,0,0,0,0,0,0,0,0,13,0,0,0,4,0
hsa-miR-6808-5p,0,0,0,0,0,0,0,0,0,0,0,13,0,0,9,2,0
hsa-miR-758-5p,23,2,3,2,0,0,0,29,0,0,8,13,0,0,21,36,0
hsa-miR-2115-5p,0,0,0,0,0,0,0,0,0,0,0,12,234,0,14,54,2
hsa-miR-3074-5p,89,68,105,26,26,68,32,1100,145,149,133,12,544,0,61,248,0
hsa-miR-365b-5p,0,0,0,0,3,0,0,0,0,2,0,12,0,0,8,12,0
hsa-miR-3682-5p,0,0,0,0,0,0,0,0,0,0,0,12,0,0,5,1,0
hsa-miR-4781-5p,0,5,0,0,0,1,0,37,0,3,3,12,0,0,2,8,0
hsa-miR-5581-5p,0,0,0,0,0,0,0,0,0,0,0,12,0,0,0,0,0
hsa-miR-579-5p,10,9,0,0,4,7,1,104,0,5,7,12,28,0,1,5,0
hsa-miR-582-5p,5,13,0,0,4,6,8,20,7,27,3,12,173,43,14,178,0
hsa-miR-6727-5p,0,0,0,0,0,0,0,0,0,0,0,12,0,0,1,14,0
hsa-miR-6866-5p,5,12,8,15,3,11,13,164,0,16,14,12,0,0,5,9,0
hsa-miR-1287-5p,105,135,133,103,79,97,39,2165,117,154,252,11,79,0,40,73,0
hsa-miR-1909-5p,4,0,0,0,0,0,0,0,0,0,2,11,33,0,0,5,0
hsa-miR-200c-5p,0,1,2,0,0,12,0,18,0,5,0,11,0,45,11,27,3
hsa-miR-4669,0,5,0,0,14,0,2,27,0,0,0,11,0,0,55,14,0
hsa-miR-4751,0,0,0,0,0,0,0,17,0,0,0,11,0,0,0,0,0
hsa-miR-6501-5p,6,0,2,0,0,2,0,19,0,0,0,11,44,0,1,16,0
hsa-miR-1270,79,89,39,44,20,11,85,418,38,78,27,10,0,0,0,3,0
hsa-miR-1296-5p,31,96,42,31,48,60,10,612,31,113,67,10,0,0,3,10,0
hsa-miR-188-5p,0,9,4,0,0,9,0,0,0,12,10,10,0,0,6,12,0
hsa-miR-2276-5p,0,0,0,0,0,0,0,0,0,8,0,10,7,0,7,3,0
hsa-miR-301b-5p,3,6,0,0,0,0,2,61,0,5,1,9,0,0,5,7,0
hsa-miR-3155b,0,0,0,0,0,0,0,0,0,0,0,9,0,0,4,9,0
hsa-miR-3163,4,0,11,3,0,0,0,26,0,4,0,9,0,0,0,0,0
hsa-miR-4706,0,2,0,0,0,4,0,0,0,3,4,9,0,0,0,0,0
hsa-miR-6813-5p,12,22,11,8,4,6,13,116,19,6,6,9,0,0,0,5,0
hsa-miR-181c-5p,76,33,96,11,77,15,30,104,27,269,108,8,58,0,50,164,0
hsa-miR-299-5p,78,37,52,13,1,31,15,393,86,34,67,8,0,0,0,4,0
hsa-miR-3160-5p,0,0,0,0,0,0,0,0,0,0,0,8,0,0,0,4,0
hsa-miR-3200-5p,0,9,0,0,0,0,0,26,6,0,0,8,38,0,0,0,0
hsa-miR-33a-5p,145,294,269,225,139,239,389,2380,112,338,351,8,0,0,0,18,0
hsa-miR-548a-5p,0,9,8,1,4,18,0,38,0,6,14,8,0,0,7,16,0
hsa-miR-618,0,3,0,0,0,0,0,0,0,0,1,8,61,0,2,45,0
hsa-miR-627-5p,47,77,77,56,77,39,86,836,81,104,116,8,0,0,23,41,0
hsa-miR-4784,2,0,1,0,0,0,1,0,0,1,1,7,24,0,2,1,0
hsa-miR-5698,5,11,6,14,4,8,6,180,0,4,14,7,0,0,2,9,0
hsa-miR-455-5p,0,15,10,12,3,7,0,87,1,8,0,6,0,135,29,66,0
hsa-miR-6750-5p,7,2,0,0,11,0,0,43,4,1,2,6,16,0,4,17,0
hsa-miR-219b-5p,4,4,5,16,0,17,9,75,33,40,7,5,0,0,0,2,0
hsa-miR-3192-5p,2,6,0,0,0,0,2,0,9,0,7,5,0,0,0,1,0
hsa-miR-4731-5p,0,0,0,0,0,0,0,0,0,0,0,5,0,0,5,0,0
hsa-miR-6716-5p,0,0,0,0,0,0,0,0,0,0,0,5,0,0,0,1,0
hsa-miR-6758-5p,13,3,3,7,0,0,16,39,5,3,3,5,0,0,1,15,0
hsa-miR-6779-5p,3,6,0,6,2,4,0,33,7,0,0,5,24,7,0,0,0
hsa-miR-1265,0,0,0,0,0,0,0,0,0,0,0,4,0,0,0,0,0
hsa-miR-5584-5p,16,28,5,1,8,18,17,66,13,5,23,4,0,0,1,4,0
hsa-miR-6793-5p,8,6,3,5,0,2,0,59,2,23,0,4,0,0,4,0,0
hsa-miR-3667-5p,8,8,15,0,3,0,9,88,19,16,8,3,0,0,4,0,0
hsa-miR-6791-5p,0,7,0,0,8,0,0,0,0,0,0,3,0,0,0,6,0
hsa-miR-1271-5p,7,70,13,3,5,38,8,467,9,50,42,2,0,0,8,8,7
hsa-miR-34a-5p,241,483,452,226,184,257,260,7313,582,257,297,2,0,0,0,0,0
hsa-miR-4676-5p,0,0,0,0,0,0,0,0,0,0,0,2,0,0,0,4,0
hsa-miR-517-5p,0,0,0,0,0,0,0,0,0,0,0,2,0,0,0,0,0
hsa-miR-6509-5p,1,2,0,0,5,0,0,0,0,0,5,2,0,0,0,3,0
hsa-miR-3181,0,0,0,0,0,0,0,0,0,0,0,1,0,0,0,0,0
hsa-miR-6764-5p,8,32,12,7,0,2,10,141,0,0,21,1,0,0,0,0,0
hsa-miR-10395-5p,0,0,0,0,0,0,0,0,0,0,0,0,0,0,0,0,0
hsa-miR-10398-5p,0,0,0,0,0,0,0,0,0,0,0,0,0,0,1,0,0
hsa-miR-10399-5p,80,29,51,26,16,36,11,379,38,87,72,0,0,0,0,0,0
hsa-miR-10401-5p,0,0,0,0,0,0,0,0,0,0,0,0,0,5995,40,0,0
hsa-miR-105-5p,1,15,0,0,0,0,0,0,0,2,0,0,0,0,0,0,0
hsa-miR-10524-5p,0,0,0,0,0,0,0,0,0,0,0,0,0,0,0,7,0
hsa-miR-1185-5p,19,11,9,7,15,5,7,88,11,22,26,0,0,0,0,10,0
hsa-miR-1193,0,0,0,0,0,0,0,0,0,0,2,0,0,0,0,0,0
hsa-miR-12114,0,1,2,0,0,0,0,18,0,0,0,0,0,0,0,0,0
hsa-miR-12136,41,232,135,93,93,69,130,1967,89,179,223,0,236,113,0,0,0
hsa-miR-1226-5p,0,0,0,0,0,0,0,0,0,0,0,0,0,0,0,0,0
hsa-miR-1229-5p,0,0,0,0,0,0,2,5,0,0,1,0,0,34,8,0,0
hsa-miR-122b-5p,0,0,2,0,0,0,0,14,0,0,0,0,30,0,0,7,0
hsa-miR-1238-5p,0,0,0,0,0,0,0,0,0,0,0,0,32,0,6,0,0
hsa-miR-1245b-5p,0,0,0,0,0,0,0,0,0,0,0,0,0,0,0,0,0
hsa-miR-1249-5p,0,0,0,0,0,0,0,0,0,0,0,0,0,0,0,0,0
hsa-miR-1252-5p,0,0,0,0,0,0,0,0,0,0,0,0,0,0,0,0,0
hsa-miR-1255a,3,89,20,35,25,113,26,1428,80,59,117,0,61,0,0,0,0
hsa-miR-126-5p,87398,86655,87357,69201,49697,65617,156339,903841,42071,60361,72449,0,0,0,18188,0,5148
hsa-miR-1262,0,0,0,0,5,1,0,0,0,0,0,0,0,0,2,4,0
hsa-miR-1273c,5,0,3,3,4,6,0,43,0,6,5,0,0,0,14,27,128
hsa-miR-1273h-5p,10,25,7,6,14,12,19,264,5,22,16,0,0,0,0,585,0
hsa-miR-1275,3,3,0,3,0,2,0,65,0,6,4,0,0,0,0,11,0
hsa-miR-1276,0,0,0,4,6,3,0,27,0,0,0,0,10,0,0,7,0
hsa-miR-1277-5p,5433,5378,8820,9710,9737,8057,8806,106763,7240,13797,13462,0,0,0,0,33,0
hsa-miR-1281,0,0,0,0,0,0,0,0,0,0,0,0,0,0,0,0,0
hsa-miR-1291,2,0,0,0,0,0,7,24,0,0,1,0,0,0,1,0,0
hsa-miR-1293,0,4,0,0,0,0,0,0,0,0,0,0,0,0,0,0,0
hsa-miR-1295b-5p,0,0,0,0,0,0,0,0,0,0,0,0,0,0,2,0,0
hsa-miR-1298-5p,0,0,0,0,0,0,0,0,0,0,3,0,0,0,10,12,0
hsa-miR-1306-5p,919,620,919,540,493,476,1308,6640,479,682,515,0,0,127,0,172,7
hsa-miR-1323,0,0,0,0,0,0,0,0,0,0,0,0,0,0,0,0,0
hsa-miR-1343-5p,0,0,0,0,0,0,0,0,0,2,0,0,0,0,4,5,0
hsa-miR-135a-5p,32,7,17,23,14,25,5,42,9,14,30,0,3,0,13,9,0
hsa-miR-138-5p,0,5,0,0,0,0,0,24,16,3,0,0,0,0,0,0,0
hsa-miR-149-5p,3,0,0,0,0,1,0,50,2,5,4,0,0,0,0,12,0
hsa-miR-1537-5p,0,0,7,1,5,7,0,14,0,0,6,0,0,0,0,6,0
hsa-miR-154-5p,91,33,53,15,3,7,55,543,42,26,80,0,0,0,8,0,0
hsa-miR-187-5p,0,0,12,0,7,0,0,0,0,4,0,0,0,0,3,0,0
hsa-miR-18b-5p,17,21,28,38,39,24,6,238,19,60,46,0,0,0,0,0,0
hsa-miR-190a-5p,3029,2608,1434,1307,1574,1140,2371,21319,2482,2265,3455,0,0,0,6,16,0
hsa-miR-1914-5p,5,0,7,3,4,13,0,89,0,10,8,0,0,0,1,0,0
hsa-miR-202-5p,0,4,0,0,2,0,0,12,19,11,0,0,0,0,0,3,0
hsa-miR-203a-5p,0,0,0,0,0,0,0,0,0,0,0,0,81,0,3,3,0
hsa-miR-205-5p,40,19,45,123,96,28,6,2074,467,52,29,0,38,0,4,6,0
hsa-miR-208a-5p,0,0,0,0,0,0,0,0,0,0,0,0,0,0,0,1,0
hsa-miR-208b-5p,0,0,0,0,0,0,0,0,0,0,0,0,0,0,0,0,0
hsa-miR-2110,132,182,80,73,68,108,43,1764,147,234,212,0,0,0,0,0,0
hsa-miR-2116-5p,8,14,0,0,0,0,12,71,0,0,6,0,0,0,0,0,0
hsa-miR-216a-5p,16,0,0,0,0,4,0,7,0,0,7,0,0,0,0,5,0
hsa-miR-216b-5p,0,0,0,0,0,0,0,0,0,0,0,0,0,0,4,4,0
hsa-miR-217-5p,6,0,0,0,0,0,0,25,0,0,0,0,5,0,0,0,0
hsa-miR-219a-5p,4,4,2,1,2,0,8,0,0,4,4,0,0,0,0,0,17
hsa-miR-2277-5p,0,14,4,0,0,4,0,20,0,17,17,0,92,0,6,37,0
hsa-miR-2278,5,24,0,6,2,7,7,142,0,27,26,0,0,0,0,3,0
hsa-miR-23b-5p,59,96,45,21,26,36,57,1055,95,145,84,0,314,20,131,0,0
hsa-miR-2467-5p,0,0,0,0,0,0,0,0,3,0,0,0,0,0,0,4,0
hsa-miR-2682-5p,0,2,0,0,0,0,0,0,0,0,0,0,0,0,0,0,0
hsa-miR-29c-5p,131,165,170,106,108,173,49,1024,85,201,207,0,0,1,0,0,0
hsa-miR-301a-5p,33,71,35,36,49,39,116,496,23,84,58,0,0,0,18,0,0
hsa-miR-3065-5p,95,136,76,39,42,102,82,738,33,142,58,0,0,0,0,2,0
hsa-miR-30a-5p,3690,4301,3707,2634,2223,2157,1440,33734,2142,2269,3234,0,0,531,270,0,108
hsa-miR-31-5p,0,15,0,3,10,12,0,0,19,0,0,0,30,0,0,0,0
hsa-miR-3115,49,15,18,26,13,15,1,170,25,31,33,0,0,0,0,3,0
hsa-miR-3122,2,0,0,0,0,0,0,0,0,0,0,0,0,0,0,5,0
hsa-miR-3126-5p,0,0,0,0,0,0,0,0,0,0,0,0,0,0,0,0,0
hsa-miR-3128,6,5,5,0,0,0,0,23,0,0,3,0,0,0,1,7,0
hsa-miR-3129-5p,0,1,3,0,0,0,0,27,0,0,0,0,0,0,0,0,0
hsa-miR-3131,4,0,0,0,0,0,5,0,0,6,1,0,0,0,6,8,0
hsa-miR-3136-5p,0,4,0,12,0,0,3,0,0,0,8,0,0,0,0,11,0
hsa-miR-3137,0,0,0,0,0,0,0,0,0,0,0,0,0,0,1,6,0
hsa-miR-3141,0,0,0,0,0,0,4,17,0,0,0,0,0,0,0,5,0
hsa-miR-3145-5p,0,0,0,0,0,0,0,0,0,0,2,0,35,0,0,0,0
hsa-miR-3148,2,0,0,0,0,0,0,0,0,0,0,0,0,0,0,0,0
hsa-miR-3161,18,0,5,0,0,0,26,0,0,0,0,0,0,33,4,12,0
hsa-miR-3164,7,6,1,2,3,1,0,108,0,8,0,0,8,0,0,10,0
hsa-miR-3165,0,0,0,0,0,0,0,0,0,0,0,0,0,0,1,0,0
hsa-miR-3174,23,19,16,14,1,7,0,204,11,16,26,0,0,0,0,0,0
hsa-miR-3175,3,9,0,0,0,0,0,34,0,7,3,0,0,0,0,20,0
hsa-miR-3186-5p,0,0,0,0,0,0,0,0,0,0,0,0,0,0,0,2,0
hsa-miR-3191-5p,0,0,0,0,0,0,0,23,0,1,4,0,0,0,11,9,0
hsa-miR-3193,0,0,0,0,0,0,0,0,0,0,0,0,0,0,0,3,0
hsa-miR-3194-5p,0,0,0,0,0,0,0,0,0,0,0,0,0,0,0,0,0
hsa-miR-3202,4,0,0,0,0,0,1,22,4,3,0,0,0,0,4,0,0
hsa-miR-33b-5p,8,23,3,8,20,13,6,23,40,34,13,0,0,0,0,1,0
hsa-miR-34b-5p,0,0,0,0,0,0,0,0,0,0,0,0,0,0,0,0,0
hsa-miR-34c-5p,0,5,1,0,0,9,1,0,13,0,3,0,0,0,1,13,0
hsa-miR-3605-5p,9,8,7,0,10,4,10,176,38,5,14,0,0,17,17,82,0
hsa-miR-3613-5p,3484,1331,1762,890,1628,1222,805,8913,2554,1325,910,0,52,0,0,13,0
hsa-miR-3617-5p,27,0,9,21,13,21,6,46,22,17,12,0,0,0,1,0,0
hsa-miR-3619-5p,0,0,0,0,0,0,0,0,0,0,0,0,0,0,0,0,0
hsa-miR-3620-5p,9,12,7,17,3,4,2,158,7,9,6,0,0,0,0,0,0
hsa-miR-3622a-5p,0,2,0,0,0,0,0,0,0,0,0,0,0,0,0,2,0
hsa-miR-3648,0,0,0,0,0,0,0,0,0,0,0,0,0,0,0,0,0
hsa-miR-3652,0,0,0,0,0,0,0,0,0,0,0,0,0,0,0,0,0
hsa-miR-3654,0,0,0,0,0,0,0,0,0,0,0,0,0,0,0,0,0
hsa-miR-365a-5p,0,0,1,0,0,0,0,17,0,5,0,0,0,0,0,5,0
hsa-miR-3661,3,2,3,1,0,0,0,15,0,0,0,0,0,0,0,0,0
hsa-miR-3675-5p,3,0,0,0,0,0,0,0,0,0,0,0,0,0,0,30,0
hsa-miR-3677-5p,0,0,0,0,0,0,0,0,0,0,0,0,0,0,0,3,0
hsa-miR-3680-5p,5,3,0,0,0,0,0,0,0,3,1,0,0,0,0,0,0
hsa-miR-369-5p,3802,759,1288,370,171,306,598,9518,1266,673,1044,0,39,0,8,37,0
hsa-miR-3692-5p,0,0,0,0,0,0,5,0,0,0,0,0,0,0,0,5,0
hsa-miR-371b-5p,0,0,0,0,0,0,0,0,0,0,0,0,0,0,0,3,0
hsa-miR-372-5p,0,0,0,0,0,0,0,0,0,0,0,0,80,0,0,0,0
hsa-miR-374c-5p,0,0,1,4,2,9,1,62,3,5,9,0,0,0,0,0,0
hsa-miR-376b-5p,19,7,4,1,0,2,27,177,0,0,20,0,0,0,0,3,0
hsa-miR-376c-5p,18,7,4,1,0,2,27,177,0,0,20,0,0,0,0,0,0
hsa-miR-377-5p,14,3,0,3,13,1,1,60,10,3,12,0,0,0,8,5,0
hsa-miR-378d,6,5,11,3,1,5,7,126,7,9,11,0,889,0,126,496,0
hsa-miR-378h,0,0,1,0,0,0,0,3,0,0,1,0,8,0,2,0,0
hsa-miR-383-5p,0,0,0,0,0,0,0,0,0,0,0,0,0,0,0,0,0
hsa-miR-3911,0,5,0,0,0,0,0,27,8,6,3,0,35,0,0,0,0
hsa-miR-3912-5p,3,0,3,0,11,0,0,0,0,0,0,0,0,0,1,12,0
hsa-miR-3918,0,0,0,0,0,0,0,0,0,0,0,0,0,0,1,13,0
hsa-miR-3934-5p,1,10,0,1,0,0,0,0,0,0,6,0,0,0,1,4,0
hsa-miR-3944-5p,0,0,0,3,0,0,0,0,0,0,0,0,0,0,2,8,0
hsa-miR-410-5p,0,0,7,0,0,0,0,0,0,0,0,0,0,0,7,23,0
hsa-miR-422a,1,2,0,0,1,2,4,21,0,1,2,0,0,48,0,0,0
hsa-miR-4284,0,0,0,0,0,0,0,0,0,0,0,0,0,62,0,0,0
hsa-miR-4424,0,0,0,0,0,0,0,0,0,0,0,0,0,0,0,6,0
hsa-miR-4430,0,0,0,0,0,0,0,0,0,0,0,0,0,0,0,2,0
hsa-miR-4433a-5p,1,1,0,1,0,1,0,45,1,0,3,0,9,20,2,34,0
hsa-miR-4435,56,79,57,21,25,34,10,474,33,93,25,0,0,0,0,18,0
hsa-miR-4436b-5p,0,0,0,0,0,0,0,0,0,0,0,0,0,0,4,0,0
hsa-miR-4445-5p,0,0,0,0,0,0,0,0,0,0,0,0,0,0,0,0,0
hsa-miR-4449,0,0,0,0,0,0,0,0,0,0,2,0,0,0,6,0,0
hsa-miR-4453,0,0,0,0,0,0,0,0,0,0,0,0,0,0,0,0,0
hsa-miR-4482-5p,0,0,0,0,0,0,0,0,0,0,0,0,0,0,0,0,0
hsa-miR-4485-5p,0,0,0,0,0,0,0,0,0,0,0,0,0,0,0,0,1
hsa-miR-4488,0,14,0,0,0,0,0,0,9,3,0,0,1421,0,0,0,209
hsa-miR-4489,0,0,0,0,0,0,0,4,0,0,1,0,47,37,8,40,0
hsa-miR-4498,0,0,0,0,0,0,0,16,0,0,0,0,0,0,2,0,0
hsa-miR-449a,0,19,9,8,2,19,3,206,11,16,19,0,0,0,0,4,0
hsa-miR-449c-5p,1,0,0,0,0,0,0,8,5,0,3,0,0,0,0,0,0
hsa-miR-4503,10,6,0,0,7,1,0,0,0,9,2,0,0,0,0,0,0
hsa-miR-450b-5p,44,190,202,168,100,213,61,1140,104,20,59,0,44,0,4,5,0
hsa-miR-4513,0,0,0,0,0,0,0,0,0,0,0,0,88,0,0,0,0
hsa-miR-4515,0,0,0,0,0,0,0,0,0,0,0,0,0,0,1,0,0
hsa-miR-4519,0,0,0,0,0,0,0,0,0,0,0,0,0,0,0,0,0
hsa-miR-451b,0,0,0,0,0,0,0,0,0,0,0,0,0,0,0,81,0
hsa-miR-452-5p,42,61,74,142,50,179,103,533,74,35,54,0,83,12,0,0,8
hsa-miR-4520-5p,0,0,0,0,0,0,0,0,0,0,0,0,0,0,0,0,0
hsa-miR-4523,0,0,0,3,0,1,6,15,0,8,6,0,0,0,0,0,0
hsa-miR-4525,0,0,0,0,0,0,0,0,0,0,1,0,44,166,4,0,0
hsa-miR-4529-5p,0,0,0,0,0,0,0,0,0,0,0,0,38,0,2,5,0
hsa-miR-4533,2,9,3,7,2,3,10,57,0,21,3,0,0,0,7,16,0
hsa-miR-4536-5p,5,0,0,0,2,1,0,0,0,0,0,0,0,0,0,0,0
hsa-miR-454-5p,276,350,343,171,159,158,81,1728,89,309,237,0,0,0,0,0,0
hsa-miR-4632-5p,0,0,0,0,0,0,0,0,0,0,0,0,0,0,0,1,0
hsa-miR-4638-5p,2,2,0,0,4,0,0,15,0,0,0,0,0,0,2,2,0
hsa-miR-4639-5p,8,0,0,0,0,7,0,33,0,0,5,0,0,0,7,0,0
hsa-miR-4642,0,0,0,0,0,0,0,0,0,0,0,0,0,0,0,1,0
hsa-miR-4645-5p,0,0,0,0,5,0,0,33,0,0,0,0,0,0,0,0,0
hsa-miR-4649-5p,0,0,1,0,0,0,0,0,0,0,0,0,0,0,0,0,0
hsa-miR-4654,5,8,3,10,6,3,0,14,3,1,5,0,0,0,44,11,0
hsa-miR-4657,0,2,0,0,0,0,0,0,0,0,0,0,37,93,0,7,2
hsa-miR-4658,0,0,0,0,0,0,0,0,0,0,0,0,0,0,3,0,2
hsa-miR-4659a-5p,0,0,0,0,0,0,8,0,0,6,0,0,0,0,14,36,8
hsa-miR-4659b-5p,19,14,3,1,0,9,9,135,6,6,5,0,86,0,8,0,0
hsa-miR-4662a-5p,58,51,29,14,42,41,108,400,33,67,44,0,0,0,0,10,0
hsa-miR-4663,0,0,0,0,0,0,0,0,0,0,0,0,0,0,0,0,0
hsa-miR-4664-5p,0,0,0,0,0,0,0,0,0,0,0,0,0,0,0,0,0
hsa-miR-4671-5p,0,0,0,0,0,0,0,0,0,0,0,0,4,0,0,0,0
hsa-miR-4673,0,1,0,0,0,0,0,0,0,0,0,0,0,0,1,0,0
hsa-miR-4682,0,0,0,0,0,0,0,0,0,0,1,0,0,0,0,0,0
hsa-miR-4685-5p,0,0,0,0,0,0,0,0,0,0,0,0,0,0,0,0,0
hsa-miR-4686,0,8,7,0,0,0,0,11,0,0,0,0,0,0,1,0,0
hsa-miR-4687-5p,3,7,3,6,1,0,17,62,0,2,0,0,0,0,0,0,0
hsa-miR-4689,0,0,0,0,0,0,0,0,0,0,0,0,0,0,0,0,0
hsa-miR-4700-5p,0,0,0,0,0,0,0,0,0,0,0,0,0,0,0,8,0
hsa-miR-4705,0,0,0,0,0,0,0,23,0,0,0,0,0,0,0,0,0
hsa-miR-4707-5p,0,0,1,0,0,0,0,39,8,5,2,0,0,0,13,0,0
hsa-miR-4709-5p,0,0,0,2,0,0,0,19,0,0,0,0,0,0,0,2,0
hsa-miR-4710,0,0,0,0,0,0,0,0,0,0,0,0,0,0,2,0,0
hsa-miR-4714-5p,0,0,0,0,0,0,0,0,0,0,0,0,0,0,2,5,0
hsa-miR-4715-5p,0,0,0,0,0,0,1,0,0,0,0,0,0,0,0,0,0
hsa-miR-4716-5p,0,0,2,0,0,0,0,0,0,0,0,0,0,0,0,1,0
hsa-miR-4722-5p,0,0,0,0,7,0,0,0,0,6,0,0,0,0,0,0,0
hsa-miR-4723-5p,0,0,0,0,1,0,0,0,1,0,0,0,0,0,3,0,0
hsa-miR-4724-5p,0,0,0,0,0,0,0,0,0,0,0,0,58,0,4,0,0
hsa-miR-4725-5p,0,0,0,0,0,0,0,0,0,0,0,0,0,0,0,0,0
hsa-miR-4727-5p,0,0,0,0,0,0,0,0,0,7,0,0,56,0,0,2,0
hsa-miR-4728-5p,0,0,0,0,0,0,0,0,0,0,0,0,0,0,0,0,0
hsa-miR-4732-5p,630,122,222,96,258,147,207,1072,315,193,65,0,0,1247,0,1033,17
hsa-miR-4733-5p,0,0,0,0,0,0,0,0,0,0,0,0,0,0,6,0,0
hsa-miR-4743-5p,0,4,0,0,6,0,1,34,6,7,0,0,0,0,4,30,0
hsa-miR-4745-5p,0,0,0,2,2,4,0,13,0,0,0,0,0,0,5,18,0
hsa-miR-4747-5p,2,3,3,0,7,9,0,31,3,2,2,0,0,0,0,0,0
hsa-miR-4748,2,13,13,0,0,3,7,80,1,10,5,0,0,49,0,0,0
hsa-miR-4749-5p,3,0,0,0,0,0,2,0,0,0,0,0,0,0,0,0,0
hsa-miR-4753-5p,5,6,8,0,0,7,6,0,0,9,0,0,34,0,2,6,0
hsa-miR-4754,0,0,0,0,0,0,0,0,13,0,0,0,56,196,2,4,0
hsa-miR-4757-5p,0,0,0,0,0,0,0,0,0,0,0,0,8,0,8,4,0
hsa-miR-4762-5p,0,4,6,0,0,0,0,0,0,0,3,0,0,0,0,6,0
hsa-miR-4763-5p,0,0,0,6,0,0,0,0,0,0,0,0,0,0,0,0,0
hsa-miR-4767,2,0,0,0,2,0,0,0,0,5,0,0,0,0,2,6,0
hsa-miR-4772-5p,3,0,0,0,0,0,0,0,0,0,0,0,0,0,0,6,0
hsa-miR-4774-5p,1,1,0,0,0,0,0,0,0,0,5,0,0,0,0,0,0
hsa-miR-4777-5p,0,0,0,0,0,0,0,0,0,0,0,0,0,0,0,7,0
hsa-miR-4786-5p,0,0,0,0,0,0,0,0,0,5,0,0,0,0,4,16,0
hsa-miR-4787-5p,0,0,0,0,0,0,0,0,0,0,0,0,0,0,0,0,0
hsa-miR-4796-5p,0,4,0,0,0,0,0,1,0,0,0,0,0,0,0,2,0
hsa-miR-4797-5p,0,6,0,0,0,0,0,0,0,0,0,0,0,0,0,0,0
hsa-miR-4800-5p,5,0,0,0,0,0,0,0,0,0,0,0,0,0,0,0,0
hsa-miR-487a-5p,29,11,7,0,0,1,5,43,13,5,4,0,15,0,3,2,0
hsa-miR-491-5p,189,236,212,156,118,141,33,2553,174,580,256,0,28,0,2,13,0
hsa-miR-494-5p,0,0,0,0,0,0,0,46,0,3,1,0,0,0,0,8,0
hsa-miR-495-5p,20,6,8,0,9,0,32,87,8,0,17,0,9,0,10,97,0
hsa-miR-497-5p,125,151,78,58,41,65,81,895,102,139,66,0,0,0,12,14,0
hsa-miR-4999-5p,15,24,13,0,0,5,11,155,0,12,8,0,0,0,0,6,0
hsa-miR-5000-5p,0,0,0,0,0,0,0,0,0,0,0,0,0,0,0,0,0
hsa-miR-5001-5p,0,0,0,0,0,0,0,0,0,0,0,0,37,0,5,20,0
hsa-miR-5003-5p,0,0,0,0,0,0,0,0,0,0,0,0,0,0,0,1,0
hsa-miR-5004-5p,5,4,0,0,0,0,0,27,0,0,0,0,0,0,0,4,0
hsa-miR-5006-5p,2,3,0,0,0,0,0,14,0,2,0,0,0,0,1,0,0
hsa-miR-506-5p,0,0,0,0,0,0,0,0,0,0,0,0,0,0,0,0,0
hsa-miR-508-5p,0,0,0,0,0,0,0,0,0,0,0,0,0,0,0,9,0
hsa-miR-509-5p,0,0,0,0,0,0,0,0,0,4,0,0,0,0,0,0,0
hsa-miR-509-3-5p,0,0,0,0,0,2,0,0,0,0,0,0,0,0,0,0,0
hsa-miR-5090,4,0,1,0,0,0,0,0,0,0,0,0,0,0,0,0,0
hsa-miR-5094,4,0,4,3,0,4,0,57,8,2,5,0,0,0,1,0,0
hsa-miR-512-5p,0,0,0,0,0,0,0,0,0,0,0,0,0,0,2,2,0
hsa-miR-513a-5p,0,0,0,0,0,0,0,0,0,0,0,0,0,0,0,0,0
hsa-miR-513c-5p,0,3,2,0,0,0,5,0,0,0,0,0,0,0,0,0,0
hsa-miR-516a-5p,0,0,0,0,0,0,0,0,0,0,0,0,0,0,0,6,0
hsa-miR-516b-5p,0,0,0,0,0,0,0,0,0,0,0,0,0,0,4,22,0
hsa-miR-518c-5p,0,0,0,0,0,0,0,0,0,0,0,0,0,0,0,0,0
hsa-miR-518d-5p,0,0,0,0,0,0,8,0,0,0,0,0,0,0,0,0,4
hsa-miR-518e-5p,0,0,0,0,0,0,0,0,0,0,0,0,0,0,0,0,0
hsa-miR-518f-5p,0,0,0,0,0,0,8,0,0,0,0,0,0,0,0,0,4
hsa-miR-5196-5p,0,0,0,0,0,0,0,0,0,0,0,0,0,0,0,0,0
hsa-miR-519a-5p,4,0,0,0,0,0,0,0,0,0,0,0,0,0,0,0,0
hsa-miR-519c-5p,0,0,0,0,0,0,0,0,0,0,0,0,0,0,0,0,0
hsa-miR-520a-5p,0,0,0,0,0,0,0,0,0,0,0,0,0,0,2,4,0
hsa-miR-520c-5p,0,0,0,0,0,0,8,0,0,0,0,0,0,0,0,0,4
hsa-miR-520g-5p,0,0,0,0,0,0,0,0,0,0,0,0,0,0,0,8,0
hsa-miR-522-5p,0,0,0,0,0,0,0,0,0,0,0,0,0,0,0,0,0
hsa-miR-523-5p,0,0,0,0,0,0,0,0,0,0,0,0,0,0,0,0,0
hsa-miR-524-5p,0,0,0,0,0,0,0,0,0,0,0,0,0,0,0,0,0
hsa-miR-525-5p,0,0,0,0,0,0,0,0,0,0,0,0,0,0,0,0,0
hsa-miR-526a-5p,0,0,0,0,0,0,8,0,0,0,0,0,0,0,0,0,8
hsa-miR-526b-5p,0,0,0,0,0,0,0,0,0,0,2,0,0,0,2,0,0
hsa-miR-527,0,0,0,0,0,0,0,0,0,0,0,0,0,0,0,0,4
hsa-miR-539-5p,0,0,0,0,0,0,0,23,9,1,4,0,0,0,6,2,0
hsa-miR-541-5p,0,0,0,0,0,0,0,0,0,0,0,0,0,0,0,7,0
hsa-miR-542-5p,24,36,53,33,19,26,47,433,58,4,19,0,24,0,2,51,0
hsa-miR-545-5p,26,23,37,29,20,32,52,372,21,68,100,0,0,0,0,2,0
hsa-miR-548ad-5p,266,216,167,126,182,87,110,989,254,168,101,0,0,0,0,0,0
hsa-miR-548ae-5p,329,340,337,197,260,194,201,2228,351,251,187,0,0,0,0,68,0
hsa-miR-548ag,24,83,51,26,16,6,12,283,58,62,44,0,0,0,2,0,0
hsa-miR-548aj-5p,14,6,0,15,5,11,0,69,15,6,5,0,0,0,0,0,0
hsa-miR-548ap-5p,4,7,14,6,1,13,8,107,7,6,16,0,65,0,90,0,0
hsa-miR-548ar-5p,3,0,0,12,3,7,0,6,13,5,4,0,0,0,0,0,0
hsa-miR-548aw,3,0,0,11,0,0,4,0,16,0,0,0,0,0,0,0,0
hsa-miR-548b-5p,30,19,26,3,21,11,42,467,40,25,34,0,0,0,0,8,0
hsa-miR-548ba,0,4,0,10,0,0,7,34,0,3,5,0,0,0,0,6,0
hsa-miR-548e-5p,33,13,19,36,15,12,63,173,7,32,54,0,30,0,9,62,0
hsa-miR-548g-5p,7,8,1,15,5,15,0,71,15,10,10,0,0,0,0,1,0
hsa-miR-548q,18,8,0,0,8,0,0,106,18,26,3,0,0,0,0,0,0
hsa-miR-548t-5p,0,3,5,18,0,0,16,13,0,10,3,0,0,0,0,13,0
hsa-miR-548x-5p,7,7,0,15,5,11,0,70,15,6,5,0,0,0,0,0,0
hsa-miR-549a-5p,0,0,0,0,0,0,0,0,0,0,0,0,0,0,2,2,0
hsa-miR-551b-5p,0,2,0,0,0,0,0,0,0,3,0,0,0,0,3,6,0
hsa-miR-552-5p,4,15,20,20,5,8,0,110,15,0,8,0,0,0,0,0,0
hsa-miR-556-5p,26,34,41,31,48,30,62,416,113,115,79,0,0,0,5,30,0
hsa-miR-5571-5p,0,0,0,0,0,0,0,0,0,0,0,0,0,0,0,0,0
hsa-miR-5582-5p,0,0,0,0,0,0,0,0,0,0,0,0,0,0,0,0,0
hsa-miR-5587-5p,0,0,0,0,0,2,0,0,0,0,0,0,0,0,0,0,0
hsa-miR-5588-5p,0,3,0,0,0,0,0,31,0,1,0,0,0,0,0,2,0
hsa-miR-561-5p,0,0,0,0,0,0,4,23,0,1,0,0,0,0,0,8,0
hsa-miR-5684,0,0,0,0,0,0,0,0,0,0,0,0,0,0,1,0,0
hsa-miR-5696,0,0,0,4,0,0,0,0,0,3,0,0,0,0,1,0,0
hsa-miR-5697,10,23,22,0,2,10,0,166,28,8,18,0,0,0,0,0,0
hsa-miR-5699-5p,0,0,0,0,0,0,0,0,0,0,0,0,0,0,0,0,0
hsa-miR-5706,0,0,0,0,0,0,0,0,5,0,3,0,0,0,0,3,0
hsa-miR-576-5p,293,557,470,316,261,266,110,2654,236,522,437,0,0,0,0,846,18
hsa-miR-581,7,14,13,18,0,17,1,182,0,14,4,0,0,0,0,12,0
hsa-miR-590-5p,46,100,52,117,55,77,125,996,80,106,132,0,0,0,0,1,0
hsa-miR-592,0,0,3,0,0,0,0,64,0,4,4,0,0,0,0,0,0
hsa-miR-605-5p,4,4,5,6,0,0,6,16,4,2,4,0,0,0,0,7,0
hsa-miR-6132,0,0,0,0,0,0,0,0,0,0,0,0,0,0,0,0,0
hsa-miR-619-5p,6,14,0,0,3,0,0,61,0,0,12,0,0,0,3,16,0
hsa-miR-642b-5p,0,0,0,0,0,0,0,0,0,0,0,0,10,1,3,0,0
hsa-miR-6505-5p,4,6,5,0,1,5,0,1,0,8,10,0,0,0,0,0,0
hsa-miR-6510-5p,0,0,0,0,0,0,0,0,0,0,0,0,0,0,1,0,0
hsa-miR-6511b-5p,0,0,0,0,0,0,0,60,0,7,0,0,0,0,0,0,0
hsa-miR-6515-5p,8,12,6,8,2,13,1,106,9,9,4,0,55,0,6,54,0
hsa-miR-655-5p,0,0,0,0,0,0,0,0,0,0,0,0,0,0,0,0,0
hsa-miR-656-5p,0,0,0,0,0,0,0,0,0,0,0,0,0,0,0,0,4
hsa-miR-664b-5p,70,70,53,37,16,40,57,672,29,72,50,0,45,3,8,22,0
hsa-miR-668-5p,0,0,0,0,0,0,0,0,0,0,0,0,0,0,0,0,0
hsa-miR-6718-5p,0,0,0,0,0,0,0,0,0,0,0,0,0,0,0,0,0
hsa-miR-6729-5p,0,1,1,0,0,0,0,0,0,4,1,0,0,0,4,8,0
hsa-miR-6730-5p,0,2,6,4,3,4,0,0,0,11,3,0,0,0,0,0,0
hsa-miR-6732-5p,0,0,0,0,0,0,0,0,0,0,0,0,0,0,0,0,0
hsa-miR-6736-5p,5,6,4,9,0,8,2,42,0,13,7,0,0,0,2,3,0
hsa-miR-6737-5p,0,0,0,0,0,0,0,0,0,0,0,0,0,0,0,0,0
hsa-miR-6739-5p,0,0,0,0,0,0,0,0,0,0,0,0,0,0,0,0,0
hsa-miR-6742-5p,0,0,3,5,0,2,0,0,0,0,0,0,0,0,0,2,0
hsa-miR-6743-5p,0,0,0,0,0,0,0,0,0,0,0,0,0,0,0,0,0
hsa-miR-6746-5p,0,0,0,0,0,0,0,0,0,0,0,0,0,0,0,0,0
hsa-miR-6747-5p,0,0,0,0,0,0,0,0,0,0,0,0,120,0,0,11,0
hsa-miR-6748-5p,1,7,0,2,0,0,5,18,0,2,0,0,0,0,0,0,0
hsa-miR-6749-5p,0,0,0,0,0,0,0,12,0,0,0,0,0,0,0,0,0
hsa-miR-675-5p,0,0,0,0,0,0,0,0,0,0,0,0,0,0,0,15,0
hsa-miR-6754-5p,7,4,2,0,3,8,0,28,0,7,2,0,0,0,0,0,0
hsa-miR-6755-5p,3,4,0,0,1,3,0,25,0,3,0,0,0,0,0,0,0
hsa-miR-6756-5p,0,0,0,0,0,0,0,0,0,0,0,0,0,0,0,0,0
hsa-miR-6759-5p,7,0,0,0,0,0,0,0,0,3,1,0,0,0,2,0,0
hsa-miR-6762-5p,0,0,0,0,0,0,0,0,0,0,3,0,0,0,0,0,0
hsa-miR-6763-5p,8,8,5,3,4,1,2,50,0,7,10,0,0,0,5,21,0
hsa-miR-6770-5p,1,0,0,0,0,0,0,0,0,0,0,0,0,0,21,30,0
hsa-miR-6775-5p,0,0,0,0,0,0,0,8,0,0,0,0,0,0,0,0,0
hsa-miR-6780a-5p,14,12,0,13,7,0,5,63,7,11,18,0,0,0,0,0,0
hsa-miR-6780b-5p,0,2,0,0,0,0,0,0,0,0,0,0,0,0,0,7,0
hsa-miR-6782-5p,1,0,0,0,3,0,0,0,0,0,0,0,0,0,0,0,0
hsa-miR-6784-5p,0,0,0,0,0,0,0,0,0,0,0,0,0,0,0,6,0
hsa-miR-6785-5p,6,4,0,3,0,7,0,40,11,2,0,0,65,0,0,3,0
hsa-miR-6788-5p,0,0,0,0,0,0,0,0,0,0,0,0,0,0,1,0,0
hsa-miR-6794-5p,0,0,0,0,0,0,0,0,0,0,0,0,0,0,0,0,0
hsa-miR-6796-5p,2,0,1,0,0,0,2,17,0,6,4,0,0,0,0,0,0
hsa-miR-6798-5p,0,0,0,0,0,0,0,0,0,0,0,0,0,0,0,0,0
hsa-miR-6799-5p,2,0,0,0,0,3,0,27,0,4,1,0,0,0,0,0,0
hsa-miR-6800-5p,0,0,0,0,0,0,0,0,0,0,0,0,0,0,2,0,0
hsa-miR-6802-5p,0,7,0,0,0,0,5,47,10,0,10,0,0,0,0,0,0
hsa-miR-6803-5p,0,0,0,0,0,0,0,0,0,0,0,0,0,0,0,4,0
hsa-miR-6804-5p,0,0,0,0,0,0,0,0,0,4,0,0,0,0,0,0,0
hsa-miR-6807-5p,3,1,0,12,0,4,0,17,0,7,1,0,0,0,0,4,0
hsa-miR-6810-5p,7,14,10,5,10,8,0,53,0,4,4,0,0,0,0,0,0
hsa-miR-6812-5p,0,0,0,0,0,0,0,0,0,0,0,0,0,0,1,0,0
hsa-miR-6816-5p,0,0,0,0,0,0,0,0,0,0,0,0,0,0,0,7,0
hsa-miR-6817-5p,0,0,0,0,0,0,0,0,0,0,0,0,0,0,1,3,0
hsa-miR-6818-5p,0,0,0,0,0,0,0,0,0,2,0,0,0,0,0,0,0
hsa-miR-6820-5p,3,0,1,3,0,0,0,0,0,0,0,0,0,0,0,0,0
hsa-miR-6824-5p,0,0,0,2,0,0,0,0,0,0,0,0,0,0,0,1,0
hsa-miR-6827-5p,1,0,0,0,3,0,0,0,0,0,0,0,0,0,6,0,0
hsa-miR-6834-5p,0,1,0,0,0,0,0,0,0,0,2,0,0,0,5,0,0
hsa-miR-6840-5p,0,0,0,0,0,0,0,0,0,0,0,0,0,0,0,2,0
hsa-miR-6848-5p,3,2,1,0,3,0,0,5,0,0,0,0,0,0,0,2,0
hsa-miR-6851-5p,0,0,0,2,0,0,0,0,0,0,4,0,0,0,0,5,0
hsa-miR-6858-5p,0,0,1,0,0,0,0,0,0,0,0,0,0,0,1,0,0
hsa-miR-6861-5p,2,0,0,0,0,2,0,0,0,5,0,0,0,0,3,0,0
hsa-miR-6861-3p,0,0,0,0,0,0,0,0,0,0,0,0,0,0,0,0,0
hsa-miR-6862-5p,8,0,0,0,3,10,2,61,0,7,7,0,15,0,0,0,0
hsa-miR-6867-5p,0,0,7,0,0,0,0,0,0,0,0,0,0,0,0,3,0
hsa-miR-6869-5p,0,0,0,0,0,0,0,6,5,1,0,0,34,0,0,1,0
hsa-miR-6876-5p,2,3,0,0,2,0,0,0,0,1,7,0,0,0,0,0,0
hsa-miR-6879-5p,0,0,0,0,0,0,0,0,0,0,0,0,0,0,0,0,3
hsa-miR-6883-5p,0,0,0,0,0,0,0,0,0,0,0,0,0,0,0,0,0
hsa-miR-6885-5p,0,1,0,3,0,1,0,0,3,0,1,0,0,0,0,4,0
hsa-miR-6889-5p,0,0,0,0,0,0,0,14,0,0,4,0,0,0,0,0,0
hsa-miR-6890-5p,6,6,0,1,0,0,0,24,0,0,0,0,0,0,0,0,0
hsa-miR-6894-5p,0,0,0,0,0,0,0,41,0,2,3,0,31,0,4,0,0
hsa-miR-6895-5p,0,0,0,0,0,0,0,0,0,0,0,0,0,0,0,0,0
hsa-miR-708-5p,5,4,0,0,23,0,0,0,6,1,1,0,0,0,0,0,0
hsa-miR-7109-5p,0,0,0,0,0,3,0,0,0,5,0,0,0,0,0,0,0
hsa-miR-7114-5p,0,0,0,0,0,0,0,0,0,0,0,0,0,0,0,5,0
hsa-miR-7151-5p,0,0,0,0,6,0,0,23,0,0,0,0,0,0,2,0,0
hsa-miR-7152-5p,0,0,0,0,0,0,0,0,0,0,0,0,0,0,0,0,0
hsa-miR-7155-5p,0,0,0,0,0,0,0,0,0,0,0,0,45,174,0,0,0
hsa-miR-766-5p,7,51,62,26,32,67,43,470,50,94,88,0,92,2,126,212,8
hsa-miR-770-5p,0,0,0,0,0,0,0,0,0,0,3,0,0,0,0,0,0
hsa-miR-7702,0,0,0,0,0,0,0,0,0,0,0,0,0,0,0,0,0
hsa-miR-7705,5,2,5,6,0,3,0,29,0,5,8,0,0,0,0,10,0
hsa-miR-7850-5p,0,0,0,0,0,0,0,0,0,0,0,0,0,0,0,8,0
hsa-miR-7855-5p,5,0,9,0,0,5,7,0,0,0,1,0,0,0,0,0,0
hsa-miR-7856-5p,0,4,0,7,0,0,0,0,0,14,0,0,0,0,0,0,0
hsa-miR-873-5p,5,1,8,4,6,6,21,42,0,11,10,0,0,0,1,0,0
hsa-miR-876-5p,0,0,0,0,0,0,0,0,0,0,0,0,0,0,0,2,0
hsa-miR-887-5p,0,0,0,0,0,0,0,0,0,0,0,0,0,0,0,3,0
hsa-miR-888-5p,0,0,0,0,0,0,0,0,0,0,0,0,0,0,0,0,0
hsa-miR-891a-5p,0,0,0,0,0,0,0,0,0,0,1,0,0,0,0,0,0
hsa-miR-892c-5p,0,0,0,0,0,0,0,0,0,0,0,0,0,0,0,0,0
hsa-miR-92b-5p,76,51,54,65,1,31,19,761,39,84,75,0,0,0,0,0,0
hsa-miR-934,0,0,0,0,0,0,0,0,0,0,0,0,0,0,0,0,0
hsa-miR-9985,12,24,7,6,11,11,15,207,6,16,8,0,0,0,0,22,0
hsa-miR-99b-5p,2671,2088,1486,2089,2027,1713,4834,22796,2109,3058,3584,0,0,0,0,0,77